{"v":"5.7.0","fr":60,"ip":0,"op":123,"w":800,"h":600,"nm":"1","ddd":0,"assets":[],"layers":[{"ddd":0,"ind":1,"ty":4,"nm":"Layer 7","parent":16,"sr":1,"ks":{"o":{"a":0,"k":100,"ix":11},"r":{"a":1,"k":[{"i":{"x":[0.833],"y":[0.833]},"o":{"x":[0.167],"y":[0.167]},"t":0,"s":[0]},{"i":{"x":[0.833],"y":[0.833]},"o":{"x":[0.167],"y":[0.167]},"t":30,"s":[20]},{"i":{"x":[0.833],"y":[0.833]},"o":{"x":[0.167],"y":[0.167]},"t":85,"s":[20]},{"t":105,"s":[0]}],"ix":10},"p":{"a":1,"k":[{"i":{"x":0.833,"y":0.833},"o":{"x":0.167,"y":0.167},"t":0,"s":[-15.236,-176.517,0],"to":[-0.333,0.042,0],"ti":[0.333,-0.042,0]},{"i":{"x":0.833,"y":0.833},"o":{"x":0.167,"y":0.167},"t":30,"s":[-17.236,-176.267,0],"to":[0,0,0],"ti":[0,0,0]},{"i":{"x":0.833,"y":0.833},"o":{"x":0.167,"y":0.167},"t":85,"s":[-17.236,-176.267,0],"to":[0.333,-0.042,0],"ti":[-0.333,0.042,0]},{"t":105,"s":[-15.236,-176.517,0]}],"ix":2},"a":{"a":0,"k":[-17.236,-176.267,0],"ix":1},"s":{"a":0,"k":[100,100,100],"ix":6}},"ao":0,"shapes":[{"ty":"gr","it":[{"ind":0,"ty":"sh","ix":1,"ks":{"a":0,"k":{"i":[[-5.964,3.823],[-12.846,-11.011],[2.294,-3.211],[1.224,-2.294],[0,0],[0,0],[0,0],[1.682,-0.153],[-0.612,-1.988],[0.306,-1.376],[1.682,-0.153],[2.6,1.376],[3.059,7.646],[0,0]],"o":[[0,0],[12.847,11.011],[-2.294,3.212],[-1.224,2.294],[0,0],[0,0],[0,0],[-1.682,0.153],[0.612,1.988],[-0.306,1.377],[-1.682,0.153],[-2.6,-1.376],[-3.059,-7.647],[0,0]],"v":[[-35.158,-219.989],[0.628,-222.283],[-3.501,-203.472],[-4.725,-195.367],[-6.254,-192.614],[-5.489,-189.861],[-6.866,-188.637],[-10.383,-193.684],[-12.83,-188.179],[-10.842,-182.673],[-14.665,-177.32],[-26.594,-180.226],[-40.205,-195.519],[-38.982,-209.436]],"c":true},"ix":2},"nm":"Path 1","mn":"ADBE Vector Shape - Group","hd":false},{"ty":"fl","c":{"a":0,"k":[0.588235318661,0.262745112181,0.164705887437,1],"ix":4},"o":{"a":0,"k":100,"ix":5},"r":1,"bm":0,"nm":"Fill 1","mn":"ADBE Vector Graphic - Fill","hd":false},{"ty":"tr","p":{"a":0,"k":[0,0],"ix":2},"a":{"a":0,"k":[0,0],"ix":1},"s":{"a":0,"k":[100,100],"ix":3},"r":{"a":0,"k":0,"ix":6},"o":{"a":0,"k":100,"ix":7},"sk":{"a":0,"k":0,"ix":4},"sa":{"a":0,"k":0,"ix":5},"nm":"Transform"}],"nm":"Group 1","np":2,"cix":2,"bm":0,"ix":1,"mn":"ADBE Vector Group","hd":false},{"ty":"gr","it":[{"ty":"gr","it":[{"ind":0,"ty":"sh","ix":1,"ks":{"a":0,"k":{"i":[[0,0],[4.682,-4.339],[11.492,2.692],[0,0]],"o":[[0,0],[-4.682,4.338],[-11.493,-2.953],[0,0]],"v":[[4.34,-200.944],[-0.082,-175.11],[-23.444,-181.864],[-14.128,-207.167]],"c":true},"ix":2},"nm":"Path 1","mn":"ADBE Vector Shape - Group","hd":false},{"ty":"fl","c":{"a":0,"k":[1,0.525490224361,0.329411774874,1],"ix":4},"o":{"a":0,"k":100,"ix":5},"r":1,"bm":0,"nm":"Fill 1","mn":"ADBE Vector Graphic - Fill","hd":false},{"ty":"tr","p":{"a":0,"k":[0,0],"ix":2},"a":{"a":0,"k":[0,0],"ix":1},"s":{"a":0,"k":[100,100],"ix":3},"r":{"a":0,"k":0,"ix":6},"o":{"a":0,"k":100,"ix":7},"sk":{"a":0,"k":0,"ix":4},"sa":{"a":0,"k":0,"ix":5},"nm":"Transform"}],"nm":"Group 1","np":2,"cix":2,"bm":0,"ix":1,"mn":"ADBE Vector Group","hd":false},{"ty":"gr","it":[{"ind":0,"ty":"sh","ix":1,"ks":{"a":0,"k":{"i":[[0,-11.851],[11.851,0],[0,11.852],[-11.852,0]],"o":[[0,11.852],[-11.852,0],[0,-11.851],[11.851,0]],"v":[[4.34,-202.375],[-17.119,-180.916],[-38.578,-202.375],[-17.119,-223.834]],"c":true},"ix":2},"nm":"Path 1","mn":"ADBE Vector Shape - Group","hd":false},{"ty":"fl","c":{"a":0,"k":[1,0.525490224361,0.329411774874,1],"ix":4},"o":{"a":0,"k":100,"ix":5},"r":1,"bm":0,"nm":"Fill 1","mn":"ADBE Vector Graphic - Fill","hd":false},{"ty":"tr","p":{"a":0,"k":[0,0],"ix":2},"a":{"a":0,"k":[0,0],"ix":1},"s":{"a":0,"k":[100,100],"ix":3},"r":{"a":0,"k":0,"ix":6},"o":{"a":0,"k":100,"ix":7},"sk":{"a":0,"k":0,"ix":4},"sa":{"a":0,"k":0,"ix":5},"nm":"Transform"}],"nm":"Group 2","np":2,"cix":2,"bm":0,"ix":2,"mn":"ADBE Vector Group","hd":false},{"ty":"tr","p":{"a":0,"k":[0,0],"ix":2},"a":{"a":0,"k":[0,0],"ix":1},"s":{"a":0,"k":[100,100],"ix":3},"r":{"a":0,"k":0,"ix":6},"o":{"a":0,"k":100,"ix":7},"sk":{"a":0,"k":0,"ix":4},"sa":{"a":0,"k":0,"ix":5},"nm":"Transform"}],"nm":"Group 2","np":2,"cix":2,"bm":0,"ix":2,"mn":"ADBE Vector Group","hd":false}],"ip":0,"op":127,"st":0,"bm":0},{"ddd":0,"ind":2,"ty":4,"nm":"Layer 6","parent":16,"sr":1,"ks":{"o":{"a":0,"k":100,"ix":11},"r":{"a":0,"k":0,"ix":10},"p":{"a":0,"k":[-14.73,-171.365,0],"ix":2},"a":{"a":0,"k":[-14.73,-171.365,0],"ix":1},"s":{"a":0,"k":[100,100,100],"ix":6}},"ao":0,"shapes":[{"ty":"gr","it":[{"ind":0,"ty":"sh","ix":1,"ks":{"a":1,"k":[{"i":{"x":0.833,"y":0.833},"o":{"x":0.167,"y":0.167},"t":0,"s":[{"i":[[6.678,-1.59],[1.908,-5.088],[-9.857,2.226],[0,0],[-0.636,7.632]],"o":[[0,0],[-0.318,2.543],[5.724,-1.272],[0,0],[0.636,-7.631]],"v":[[-27.765,-183.604],[-27.765,-167.388],[-7.097,-158.484],[-1.691,-162.618],[-5.825,-178.199]],"c":true}]},{"i":{"x":0.833,"y":0.833},"o":{"x":0.167,"y":0.167},"t":30,"s":[{"i":[[6.678,-1.59],[1.908,-5.088],[-9.857,2.226],[0,0],[-0.636,7.632]],"o":[[0,0],[-0.318,2.543],[5.724,-1.272],[0,0],[0.636,-7.631]],"v":[[-22.265,-182.604],[-27.765,-167.388],[-7.097,-158.484],[-2.191,-162.618],[-6.825,-171.199]],"c":true}]},{"i":{"x":0.833,"y":0.833},"o":{"x":0.167,"y":0.167},"t":85,"s":[{"i":[[6.678,-1.59],[1.908,-5.088],[-9.857,2.226],[0,0],[-0.636,7.632]],"o":[[0,0],[-0.318,2.543],[5.724,-1.272],[0,0],[0.636,-7.631]],"v":[[-22.265,-182.604],[-27.765,-167.388],[-7.097,-158.484],[-2.191,-162.618],[-6.825,-171.199]],"c":true}]},{"t":105,"s":[{"i":[[6.678,-1.59],[1.908,-5.088],[-9.857,2.226],[0,0],[-0.636,7.632]],"o":[[0,0],[-0.318,2.543],[5.724,-1.272],[0,0],[0.636,-7.631]],"v":[[-27.765,-183.604],[-27.765,-167.388],[-7.097,-158.484],[-1.691,-162.618],[-5.825,-178.199]],"c":true}]}],"ix":2},"nm":"Path 1","mn":"ADBE Vector Shape - Group","hd":false},{"ty":"fl","c":{"a":0,"k":[1,0.486274510622,0.250980407,1],"ix":4},"o":{"a":0,"k":100,"ix":5},"r":1,"bm":0,"nm":"Fill 1","mn":"ADBE Vector Graphic - Fill","hd":false},{"ty":"tr","p":{"a":0,"k":[0,0],"ix":2},"a":{"a":0,"k":[0,0],"ix":1},"s":{"a":0,"k":[100,100],"ix":3},"r":{"a":0,"k":0,"ix":6},"o":{"a":0,"k":100,"ix":7},"sk":{"a":0,"k":0,"ix":4},"sa":{"a":0,"k":0,"ix":5},"nm":"Transform"}],"nm":"Group 1","np":2,"cix":2,"bm":0,"ix":1,"mn":"ADBE Vector Group","hd":false}],"ip":0,"op":127,"st":0,"bm":0},{"ddd":0,"ind":3,"ty":4,"nm":"Layer 4","parent":16,"sr":1,"ks":{"o":{"a":0,"k":100,"ix":11},"r":{"a":1,"k":[{"i":{"x":[0.833],"y":[0.833]},"o":{"x":[0.167],"y":[0.167]},"t":0,"s":[0]},{"i":{"x":[0.833],"y":[0.833]},"o":{"x":[0.167],"y":[0.167]},"t":30,"s":[-21]},{"i":{"x":[0.833],"y":[0.833]},"o":{"x":[0.167],"y":[0.167]},"t":85,"s":[-21]},{"t":105,"s":[0]}],"ix":10},"p":{"a":0,"k":[7.495,-156.539,0],"ix":2},"a":{"a":0,"k":[7.495,-156.539,0],"ix":1},"s":{"a":0,"k":[100,100,100],"ix":6}},"ao":0,"shapes":[{"ty":"gr","it":[{"ty":"gr","it":[{"ind":0,"ty":"sh","ix":1,"ks":{"a":1,"k":[{"i":{"x":0.833,"y":0.833},"o":{"x":0.167,"y":0.167},"t":0,"s":[{"i":[[0,0],[-2.829,-13.439],[0,0],[0,0],[11.317,5.659],[4.244,9.195],[0.707,8.488],[0,0]],"o":[[0,0],[2.829,13.439],[0,0],[0,0],[0,0],[-4.244,-9.195],[-0.707,-8.488],[0,0]],"v":[[8.406,-158.712],[23.967,-138.906],[32.455,-90.808],[48.017,-51.639],[33.163,-45.539],[11.943,-87.271],[2.747,-147.394],[8.406,-158.712]],"c":false}]},{"i":{"x":0.833,"y":0.833},"o":{"x":0.167,"y":0.167},"t":30,"s":[{"i":[[0,0],[-2.829,-13.439],[0,0],[0,0],[12.442,-7.96],[4.244,9.195],[0.707,8.488],[0,0]],"o":[[0,0],[2.829,13.439],[0,0],[0,0],[0,0],[-4.244,-9.195],[-0.707,-8.488],[0,0]],"v":[[8.406,-158.712],[23.967,-138.906],[21.252,-95.108],[52.327,-101.935],[44.159,-82.557],[4.766,-82.528],[2.747,-147.394],[8.406,-158.712]],"c":false}]},{"i":{"x":0.833,"y":0.833},"o":{"x":0.167,"y":0.167},"t":85,"s":[{"i":[[0,0],[-2.829,-13.439],[0,0],[0,0],[12.442,-7.96],[4.244,9.195],[0.707,8.488],[0,0]],"o":[[0,0],[2.829,13.439],[0,0],[0,0],[0,0],[-4.244,-9.195],[-0.707,-8.488],[0,0]],"v":[[8.406,-158.712],[23.967,-138.906],[21.252,-95.108],[52.327,-101.935],[44.159,-82.557],[4.766,-82.528],[2.747,-147.394],[8.406,-158.712]],"c":false}]},{"t":105,"s":[{"i":[[0,0],[-2.829,-13.439],[0,0],[0,0],[11.317,5.659],[4.244,9.195],[0.707,8.488],[0,0]],"o":[[0,0],[2.829,13.439],[0,0],[0,0],[0,0],[-4.244,-9.195],[-0.707,-8.488],[0,0]],"v":[[8.406,-158.712],[23.967,-138.906],[32.455,-90.808],[48.017,-51.639],[33.163,-45.539],[11.943,-87.271],[2.747,-147.394],[8.406,-158.712]],"c":false}]}],"ix":2},"nm":"Path 1","mn":"ADBE Vector Shape - Group","hd":false},{"ty":"fl","c":{"a":0,"k":[0,0,0,1],"ix":4},"o":{"a":0,"k":100,"ix":5},"r":1,"bm":0,"nm":"Fill 1","mn":"ADBE Vector Graphic - Fill","hd":false},{"ty":"tr","p":{"a":0,"k":[0,0],"ix":2},"a":{"a":0,"k":[0,0],"ix":1},"s":{"a":0,"k":[100,100],"ix":3},"r":{"a":0,"k":0,"ix":6},"o":{"a":0,"k":100,"ix":7},"sk":{"a":0,"k":0,"ix":4},"sa":{"a":0,"k":0,"ix":5},"nm":"Transform"}],"nm":"Group 1","np":2,"cix":2,"bm":0,"ix":1,"mn":"ADBE Vector Group","hd":false},{"ty":"gr","it":[{"ind":0,"ty":"sh","ix":1,"ks":{"a":1,"k":[{"i":{"x":0.833,"y":0.833},"o":{"x":0.167,"y":0.167},"t":0,"s":[{"i":[[0,0],[-1.061,-1.591],[1.326,-1.061],[2.122,0.531],[0,0.796],[0,0],[0.265,1.591],[0,0]],"o":[[0,0],[1.061,1.591],[-1.326,1.061],[-2.122,-0.531],[0,-0.796],[0,0],[-0.265,-1.591],[0,0]],"v":[[46.425,-50.844],[52.526,-43.947],[52.791,-33.072],[42.977,-29.889],[39.529,-32.276],[38.998,-38.377],[35.019,-42.621],[35.285,-46.6]],"c":true}]},{"i":{"x":0.833,"y":0.833},"o":{"x":0.167,"y":0.167},"t":30,"s":[{"i":[[0,0],[-1.591,1.062],[-1.062,-1.325],[0.529,-2.122],[0.796,-0.001],[0,0],[1.591,-0.267],[0,0]],"o":[[0,0],[1.591,-1.062],[1.062,1.325],[-0.529,2.122],[-0.796,0.001],[0,0],[-1.591,0.267],[0,0]],"v":[[45.108,-95.541],[51.999,-101.647],[62.874,-101.922],[66.066,-92.11],[60.989,-88.622],[57.581,-88.124],[53.34,-84.142],[49.361,-84.404]],"c":true}]},{"i":{"x":0.833,"y":0.833},"o":{"x":0.167,"y":0.167},"t":85,"s":[{"i":[[0,0],[-1.591,1.062],[-1.062,-1.325],[0.529,-2.122],[0.796,-0.001],[0,0],[1.591,-0.267],[0,0]],"o":[[0,0],[1.591,-1.062],[1.062,1.325],[-0.529,2.122],[-0.796,0.001],[0,0],[-1.591,0.267],[0,0]],"v":[[45.108,-95.541],[51.999,-101.647],[62.874,-101.922],[66.066,-92.11],[60.989,-88.622],[57.581,-88.124],[53.34,-84.142],[49.361,-84.404]],"c":true}]},{"t":105,"s":[{"i":[[0,0],[-1.061,-1.591],[1.326,-1.061],[2.122,0.531],[0,0.796],[0,0],[0.265,1.591],[0,0]],"o":[[0,0],[1.061,1.591],[-1.326,1.061],[-2.122,-0.531],[0,-0.796],[0,0],[-0.265,-1.591],[0,0]],"v":[[46.425,-50.844],[52.526,-43.947],[52.791,-33.072],[42.977,-29.889],[39.529,-32.276],[38.998,-38.377],[35.019,-42.621],[35.285,-46.6]],"c":true}]}],"ix":2},"nm":"Path 1","mn":"ADBE Vector Shape - Group","hd":false},{"ty":"fl","c":{"a":0,"k":[1,0.584313750267,0.329411774874,1],"ix":4},"o":{"a":0,"k":100,"ix":5},"r":1,"bm":0,"nm":"Fill 1","mn":"ADBE Vector Graphic - Fill","hd":false},{"ty":"tr","p":{"a":0,"k":[0,0],"ix":2},"a":{"a":0,"k":[0,0],"ix":1},"s":{"a":0,"k":[100,100],"ix":3},"r":{"a":0,"k":0,"ix":6},"o":{"a":0,"k":100,"ix":7},"sk":{"a":0,"k":0,"ix":4},"sa":{"a":0,"k":0,"ix":5},"nm":"Transform"}],"nm":"Group 2","np":2,"cix":2,"bm":0,"ix":2,"mn":"ADBE Vector Group","hd":false},{"ty":"tr","p":{"a":0,"k":[0,0],"ix":2},"a":{"a":0,"k":[0,0],"ix":1},"s":{"a":0,"k":[100,100],"ix":3},"r":{"a":0,"k":0,"ix":6},"o":{"a":0,"k":100,"ix":7},"sk":{"a":0,"k":0,"ix":4},"sa":{"a":0,"k":0,"ix":5},"nm":"Transform"}],"nm":"Group 1","np":2,"cix":2,"bm":0,"ix":1,"mn":"ADBE Vector Group","hd":false},{"ty":"gr","it":[{"ind":0,"ty":"sh","ix":1,"ks":{"a":1,"k":[{"i":{"x":0.833,"y":0.833},"o":{"x":0.167,"y":0.167},"t":0,"s":[{"i":[[0,0],[0,0],[0,0],[0,0],[0,0]],"o":[[0,0],[0,0],[0,0],[0,0],[0,0]],"v":[[42.358,-40.587],[21.138,-27.855],[23.967,9.633],[70.298,-19.014],[68.529,-54.734]],"c":true}]},{"i":{"x":0.833,"y":0.833},"o":{"x":0.167,"y":0.167},"t":30,"s":[{"i":[[0,0],[0,0],[0,0],[0,0],[0,0]],"o":[[0,0],[0,0],[0,0],[0,0],[0,0]],"v":[[42.358,-40.587],[21.138,-27.855],[13.195,-50.202],[48.652,-72.846],[62.786,-53.725]],"c":true}]},{"i":{"x":0.833,"y":0.833},"o":{"x":0.167,"y":0.167},"t":85,"s":[{"i":[[0,0],[0,0],[0,0],[0,0],[0,0]],"o":[[0,0],[0,0],[0,0],[0,0],[0,0]],"v":[[42.358,-40.587],[21.138,-27.855],[13.195,-50.202],[48.652,-72.846],[62.786,-53.725]],"c":true}]},{"t":105,"s":[{"i":[[0,0],[0,0],[0,0],[0,0],[0,0]],"o":[[0,0],[0,0],[0,0],[0,0],[0,0]],"v":[[42.358,-40.587],[21.138,-27.855],[23.967,9.633],[70.298,-19.014],[68.529,-54.734]],"c":true}]}],"ix":2},"nm":"Path 1","mn":"ADBE Vector Shape - Group","hd":false},{"ty":"fl","c":{"a":0,"k":[0.580392181873,0.764705896378,1,1],"ix":4},"o":{"a":0,"k":100,"ix":5},"r":1,"bm":0,"nm":"Fill 1","mn":"ADBE Vector Graphic - Fill","hd":false},{"ty":"tr","p":{"a":1,"k":[{"i":{"x":0.833,"y":0.833},"o":{"x":0.167,"y":0.167},"t":0,"s":[47.359,-39.662],"to":[2.387,-9.706],"ti":[-2.387,9.706]},{"i":{"x":0.833,"y":0.833},"o":{"x":0.167,"y":0.167},"t":30,"s":[61.68,-97.898],"to":[0,0],"ti":[0,0]},{"i":{"x":0.833,"y":0.833},"o":{"x":0.167,"y":0.167},"t":85,"s":[61.68,-97.898],"to":[-0.352,1.432],"ti":[2.019,-8.209]},{"i":{"x":0.833,"y":0.833},"o":{"x":0.167,"y":0.167},"t":94,"s":[58.206,-74.736],"to":[-3.938,16.013],"ti":[0.891,-3.624]},{"t":103,"s":[47.359,-39.662]}],"ix":2},"a":{"a":0,"k":[47.359,-39.662],"ix":1},"s":{"a":0,"k":[100,100],"ix":3},"r":{"a":1,"k":[{"i":{"x":[0.833],"y":[0.833]},"o":{"x":[0.167],"y":[0.167]},"t":0,"s":[0]},{"i":{"x":[0.833],"y":[0.833]},"o":{"x":[0.167],"y":[0.167]},"t":30,"s":[0]},{"i":{"x":[0.833],"y":[0.833]},"o":{"x":[0.167],"y":[0.167]},"t":85,"s":[0]},{"t":105,"s":[0]}],"ix":6},"o":{"a":0,"k":100,"ix":7},"sk":{"a":0,"k":0,"ix":4},"sa":{"a":0,"k":0,"ix":5},"nm":"Transform"}],"nm":"Group 2","np":2,"cix":2,"bm":0,"ix":2,"mn":"ADBE Vector Group","hd":false}],"ip":0,"op":127,"st":0,"bm":0},{"ddd":0,"ind":4,"ty":4,"nm":"Layer 3","parent":16,"sr":1,"ks":{"o":{"a":0,"k":100,"ix":11},"r":{"a":0,"k":0,"ix":10},"p":{"a":0,"k":[-16.97,-21.461,0],"ix":2},"a":{"a":0,"k":[-16.97,-21.461,0],"ix":1},"s":{"a":0,"k":[100,100,100],"ix":6}},"ao":0,"shapes":[{"ty":"gr","it":[{"ind":0,"ty":"sh","ix":1,"ks":{"a":0,"k":{"i":[[0,0],[0,0],[6.293,4.104],[0,0],[-11.218,-1.095],[0,0]],"o":[[0,0],[0,0],[0,0],[0,0],[11.218,1.095],[0,0]],"v":[[3.42,-161.95],[-3.421,-165.781],[-27.226,-171.526],[-30.509,-166.875],[-14.913,-157.298],[1.504,-160.582]],"c":true},"ix":2},"nm":"Path 1","mn":"ADBE Vector Shape - Group","hd":false},{"ty":"fl","c":{"a":0,"k":[0.882352948189,0.909803926945,0.949019610882,1],"ix":4},"o":{"a":0,"k":100,"ix":5},"r":1,"bm":0,"nm":"Fill 1","mn":"ADBE Vector Graphic - Fill","hd":false},{"ty":"tr","p":{"a":0,"k":[0,0],"ix":2},"a":{"a":0,"k":[0,0],"ix":1},"s":{"a":0,"k":[100,100],"ix":3},"r":{"a":0,"k":0,"ix":6},"o":{"a":0,"k":100,"ix":7},"sk":{"a":0,"k":0,"ix":4},"sa":{"a":0,"k":0,"ix":5},"nm":"Transform"}],"nm":"Group 1","np":2,"cix":2,"bm":0,"ix":1,"mn":"ADBE Vector Group","hd":false},{"ty":"gr","it":[{"ind":0,"ty":"sh","ix":1,"ks":{"a":0,"k":{"i":[[0,0],[12.561,2.009],[-0.448,14.564],[0,11.447],[0,0],[-22.107,-4.522],[-8.289,-13.315],[1.908,-30.526]],"o":[[-1.507,7.536],[-12.56,-2.01],[0,0],[0,-11.446],[0,0],[0,0],[0,0],[-1.908,30.526]],"v":[[14.809,-55.372],[-21.086,-47.893],[-48.008,-67.337],[-46.844,-144.017],[-39.643,-163.938],[-10.502,-167.454],[15.798,-150.217],[20.828,-107.126]],"c":true},"ix":2},"nm":"Path 1","mn":"ADBE Vector Shape - Group","hd":false},{"ty":"fl","c":{"a":0,"k":[0,0,0,1],"ix":4},"o":{"a":0,"k":100,"ix":5},"r":1,"bm":0,"nm":"Fill 1","mn":"ADBE Vector Graphic - Fill","hd":false},{"ty":"tr","p":{"a":0,"k":[0,0],"ix":2},"a":{"a":0,"k":[0,0],"ix":1},"s":{"a":0,"k":[100,100],"ix":3},"r":{"a":0,"k":0,"ix":6},"o":{"a":0,"k":100,"ix":7},"sk":{"a":0,"k":0,"ix":4},"sa":{"a":0,"k":0,"ix":5},"nm":"Transform"}],"nm":"Group 2","np":2,"cix":2,"bm":0,"ix":2,"mn":"ADBE Vector Group","hd":false},{"ty":"gr","it":[{"ind":0,"ty":"sh","ix":1,"ks":{"a":0,"k":{"i":[[-12.402,-8.553],[3.778,-37.696],[4.941,1.467],[0.711,0.305],[2.994,11.547],[-0.855,17.106]],"o":[[0,0],[-0.514,5.129],[-0.637,-0.189],[-3.421,-1.283],[-2.994,-11.547],[0.855,-17.106]],"v":[[12.763,-63.643],[10.696,78.116],[0.6,86.342],[-5.008,87.09],[-15.035,-26.436],[-26.154,-63.643]],"c":true},"ix":2},"nm":"Path 1","mn":"ADBE Vector Shape - Group","hd":false},{"ty":"fl","c":{"a":0,"k":[0,0,0,1],"ix":4},"o":{"a":0,"k":100,"ix":5},"r":1,"bm":0,"nm":"Fill 1","mn":"ADBE Vector Graphic - Fill","hd":false},{"ty":"tr","p":{"a":0,"k":[0,0],"ix":2},"a":{"a":0,"k":[0,0],"ix":1},"s":{"a":0,"k":[100,100],"ix":3},"r":{"a":0,"k":0,"ix":6},"o":{"a":0,"k":100,"ix":7},"sk":{"a":0,"k":0,"ix":4},"sa":{"a":0,"k":0,"ix":5},"nm":"Transform"}],"nm":"Group 3","np":2,"cix":2,"bm":0,"ix":3,"mn":"ADBE Vector Group","hd":false},{"ty":"gr","it":[{"ind":0,"ty":"sh","ix":1,"ks":{"a":0,"k":{"i":[[0,0],[0.407,-3.512],[-0.275,-0.55],[-4.811,1.604],[-2.566,2.887],[-0.963,2.245],[2.566,0],[2.866,-1.344],[0.559,-0.133]],"o":[[-3.439,0.819],[-0.247,2.134],[0.642,1.283],[4.811,-1.604],[2.566,-2.886],[0.962,-2.245],[-2.201,0],[-0.52,0.244],[0,0]],"v":[[3.162,80.061],[-3.271,87.263],[-3.382,91.974],[5.92,94.54],[16.504,86.521],[24.202,78.182],[20.354,73.371],[5.065,79.433],[3.465,79.989]],"c":true},"ix":2},"nm":"Path 1","mn":"ADBE Vector Shape - Group","hd":false},{"ty":"fl","c":{"a":0,"k":[0,0,0,1],"ix":4},"o":{"a":0,"k":100,"ix":5},"r":1,"bm":0,"nm":"Fill 1","mn":"ADBE Vector Graphic - Fill","hd":false},{"ty":"tr","p":{"a":0,"k":[0,0],"ix":2},"a":{"a":0,"k":[0,0],"ix":1},"s":{"a":0,"k":[100,100],"ix":3},"r":{"a":0,"k":0,"ix":6},"o":{"a":0,"k":100,"ix":7},"sk":{"a":0,"k":0,"ix":4},"sa":{"a":0,"k":0,"ix":5},"nm":"Transform"}],"nm":"Group 4","np":2,"cix":2,"bm":0,"ix":4,"mn":"ADBE Vector Group","hd":false},{"ty":"gr","it":[{"ind":0,"ty":"sh","ix":1,"ks":{"a":0,"k":{"i":[[0,0],[-1.283,-20.528],[0.361,-11.795],[-3.106,-1.187],[-2.944,1.693],[-0.458,2.189],[-1.088,19.036],[-1.283,8.981]],"o":[[0,0],[1.146,18.339],[-0.102,3.323],[2.056,0.786],[1.939,-1.115],[2.302,-11.01],[1.283,-22.452],[1.283,-8.981]],"v":[[-44.544,-70.271],[-44.269,-15.737],[-45.117,67.493],[-40.374,75.321],[-32.77,74.425],[-29.135,69.1],[-18.095,1.419],[-14.394,-58.083]],"c":true},"ix":2},"nm":"Path 1","mn":"ADBE Vector Shape - Group","hd":false},{"ty":"fl","c":{"a":0,"k":[0,0,0,1],"ix":4},"o":{"a":0,"k":100,"ix":5},"r":1,"bm":0,"nm":"Fill 1","mn":"ADBE Vector Graphic - Fill","hd":false},{"ty":"tr","p":{"a":0,"k":[0,0],"ix":2},"a":{"a":0,"k":[0,0],"ix":1},"s":{"a":0,"k":[100,100],"ix":3},"r":{"a":0,"k":0,"ix":6},"o":{"a":0,"k":100,"ix":7},"sk":{"a":0,"k":0,"ix":4},"sa":{"a":0,"k":0,"ix":5},"nm":"Transform"}],"nm":"Group 5","np":2,"cix":2,"bm":0,"ix":5,"mn":"ADBE Vector Group","hd":false},{"ty":"gr","it":[{"ind":0,"ty":"sh","ix":1,"ks":{"a":0,"k":{"i":[[0,0],[-0.347,-3.518],[-0.386,-0.48],[-4.361,2.588],[-1.895,3.365],[-0.464,2.398],[2.507,-0.545],[2.516,-1.921],[0.518,-0.249]],"o":[[-3.187,1.53],[0.211,2.138],[0.899,1.117],[4.361,-2.588],[1.895,-3.365],[0.464,-2.398],[-2.151,0.467],[-0.457,0.349],[0,0]],"v":[[-39.726,68.015],[-44.484,76.419],[-43.592,81.046],[-33.958,81.58],[-25.316,71.498],[-19.563,61.715],[-24.345,57.83],[-37.999,66.998],[-39.445,67.881]],"c":true},"ix":2},"nm":"Path 1","mn":"ADBE Vector Shape - Group","hd":false},{"ty":"fl","c":{"a":0,"k":[0,0,0,1],"ix":4},"o":{"a":0,"k":100,"ix":5},"r":1,"bm":0,"nm":"Fill 1","mn":"ADBE Vector Graphic - Fill","hd":false},{"ty":"tr","p":{"a":0,"k":[0,0],"ix":2},"a":{"a":0,"k":[0,0],"ix":1},"s":{"a":0,"k":[100,100],"ix":3},"r":{"a":0,"k":0,"ix":6},"o":{"a":0,"k":100,"ix":7},"sk":{"a":0,"k":0,"ix":4},"sa":{"a":0,"k":0,"ix":5},"nm":"Transform"}],"nm":"Group 6","np":2,"cix":2,"bm":0,"ix":6,"mn":"ADBE Vector Group","hd":false},{"ty":"gr","it":[{"ind":0,"ty":"sh","ix":1,"ks":{"a":0,"k":{"i":[[0,-27.264],[-42.912,0],[0,27.265],[42.912,0]],"o":[[0,27.265],[42.912,0],[0,-27.264],[-42.912,0]],"v":[[-94.669,79.238],[-16.97,128.604],[60.729,79.238],[-16.97,29.872]],"c":true},"ix":2},"nm":"Path 1","mn":"ADBE Vector Shape - Group","hd":false},{"ty":"fl","c":{"a":0,"k":[0.65098041296,0.815686285496,0.956862747669,1],"ix":4},"o":{"a":0,"k":100,"ix":5},"r":1,"bm":0,"nm":"Fill 1","mn":"ADBE Vector Graphic - Fill","hd":false},{"ty":"tr","p":{"a":0,"k":[0,0],"ix":2},"a":{"a":0,"k":[0,0],"ix":1},"s":{"a":0,"k":[100,100],"ix":3},"r":{"a":0,"k":0,"ix":6},"o":{"a":0,"k":35,"ix":7},"sk":{"a":0,"k":0,"ix":4},"sa":{"a":0,"k":0,"ix":5},"nm":"Transform"}],"nm":"Group 7","np":2,"cix":2,"bm":0,"ix":7,"mn":"ADBE Vector Group","hd":false}],"ip":0,"op":127,"st":0,"bm":0},{"ddd":0,"ind":5,"ty":3,"nm":"NULL CONTROL","sr":1,"ks":{"o":{"a":0,"k":0,"ix":11},"r":{"a":0,"k":0,"ix":10},"p":{"a":0,"k":[345.917,350.017,0],"ix":2},"a":{"a":0,"k":[60,60,0],"ix":1},"s":{"a":0,"k":[70,70,100],"ix":6}},"ao":0,"ip":0,"op":127,"st":0,"bm":0},{"ddd":0,"ind":6,"ty":4,"nm":"Layer 16","parent":5,"sr":1,"ks":{"o":{"a":0,"k":100,"ix":11},"r":{"a":0,"k":0,"ix":10},"p":{"a":0,"k":[-69.179,359.062,0],"ix":2},"a":{"a":0,"k":[0,0,0],"ix":1},"s":{"a":0,"k":[100,100,100],"ix":6}},"ao":0,"shapes":[{"ty":"gr","it":[{"ind":0,"ty":"sh","ix":1,"ks":{"a":0,"k":{"i":[[0,-4.59],[-4.59,0],[0,4.59],[4.59,0]],"o":[[0,4.59],[4.59,0],[0,-4.59],[-4.59,0]],"v":[[-8.311,0],[0,8.311],[8.311,0],[0,-8.311]],"c":true},"ix":2},"nm":"Path 1","mn":"ADBE Vector Shape - Group","hd":false},{"ty":"st","c":{"a":0,"k":[0.721568644047,0.886274516582,1,1],"ix":3},"o":{"a":0,"k":100,"ix":4},"w":{"a":0,"k":1,"ix":5},"lc":1,"lj":1,"ml":10,"bm":0,"nm":"Stroke 1","mn":"ADBE Vector Graphic - Stroke","hd":false},{"ty":"tr","p":{"a":0,"k":[0,0],"ix":2},"a":{"a":0,"k":[0,0],"ix":1},"s":{"a":0,"k":[100,100],"ix":3},"r":{"a":0,"k":0,"ix":6},"o":{"a":0,"k":100,"ix":7},"sk":{"a":0,"k":0,"ix":4},"sa":{"a":0,"k":0,"ix":5},"nm":"Transform"}],"nm":"Group 1","np":2,"cix":2,"bm":0,"ix":1,"mn":"ADBE Vector Group","hd":false}],"ip":0,"op":127,"st":0,"bm":0},{"ddd":0,"ind":7,"ty":4,"nm":"Layer 15","parent":5,"sr":1,"ks":{"o":{"a":0,"k":100,"ix":11},"r":{"a":0,"k":0,"ix":10},"p":{"a":0,"k":[-129.156,323.905,0],"ix":2},"a":{"a":0,"k":[0,0,0],"ix":1},"s":{"a":0,"k":[100,100,100],"ix":6}},"ao":0,"shapes":[{"ty":"gr","it":[{"ind":0,"ty":"sh","ix":1,"ks":{"a":0,"k":{"i":[[0,0],[0,0]],"o":[[0,0],[0,0]],"v":[[53.081,31.09],[-53.081,-31.09]],"c":false},"ix":2},"nm":"Path 1","mn":"ADBE Vector Shape - Group","hd":false},{"ty":"st","c":{"a":0,"k":[0.721568644047,0.886274516582,1,1],"ix":3},"o":{"a":0,"k":100,"ix":4},"w":{"a":0,"k":1,"ix":5},"lc":2,"lj":2,"bm":0,"nm":"Stroke 1","mn":"ADBE Vector Graphic - Stroke","hd":false},{"ty":"tr","p":{"a":0,"k":[0,0],"ix":2},"a":{"a":0,"k":[0,0],"ix":1},"s":{"a":0,"k":[100,100],"ix":3},"r":{"a":0,"k":0,"ix":6},"o":{"a":0,"k":100,"ix":7},"sk":{"a":0,"k":0,"ix":4},"sa":{"a":0,"k":0,"ix":5},"nm":"Transform"}],"nm":"Group 1","np":2,"cix":2,"bm":0,"ix":1,"mn":"ADBE Vector Group","hd":false}],"ip":0,"op":127,"st":0,"bm":0},{"ddd":0,"ind":8,"ty":4,"nm":"Layer 14","parent":5,"sr":1,"ks":{"o":{"a":0,"k":100,"ix":11},"r":{"a":0,"k":0,"ix":10},"p":{"a":0,"k":[-209.853,276.64,0],"ix":2},"a":{"a":0,"k":[0,0,0],"ix":1},"s":{"a":0,"k":[100,100,100],"ix":6}},"ao":0,"shapes":[{"ty":"gr","it":[{"ind":0,"ty":"sh","ix":1,"ks":{"a":0,"k":{"i":[[0,0],[0,0]],"o":[[0,0],[0,0]],"v":[[14.762,8.646],[-14.762,-8.646]],"c":false},"ix":2},"nm":"Path 1","mn":"ADBE Vector Shape - Group","hd":false},{"ty":"st","c":{"a":0,"k":[0.721568644047,0.886274516582,1,1],"ix":3},"o":{"a":0,"k":100,"ix":4},"w":{"a":0,"k":1,"ix":5},"lc":2,"lj":2,"bm":0,"nm":"Stroke 1","mn":"ADBE Vector Graphic - Stroke","hd":false},{"ty":"tr","p":{"a":0,"k":[0,0],"ix":2},"a":{"a":0,"k":[0,0],"ix":1},"s":{"a":0,"k":[100,100],"ix":3},"r":{"a":0,"k":0,"ix":6},"o":{"a":0,"k":100,"ix":7},"sk":{"a":0,"k":0,"ix":4},"sa":{"a":0,"k":0,"ix":5},"nm":"Transform"}],"nm":"Group 1","np":2,"cix":2,"bm":0,"ix":1,"mn":"ADBE Vector Group","hd":false}],"ip":0,"op":127,"st":0,"bm":0},{"ddd":0,"ind":9,"ty":4,"nm":"Layer 12","parent":5,"sr":1,"ks":{"o":{"a":1,"k":[{"i":{"x":[0.833],"y":[0.833]},"o":{"x":[0.167],"y":[0.167]},"t":10,"s":[0]},{"i":{"x":[0.667],"y":[1]},"o":{"x":[0.167],"y":[0]},"t":14,"s":[50]},{"i":{"x":[0.667],"y":[1]},"o":{"x":[0.333],"y":[0]},"t":81,"s":[50]},{"t":91,"s":[0]}],"ix":11},"r":{"a":0,"k":0,"ix":10},"p":{"a":0,"k":[21,-135.98,0],"ix":2},"a":{"a":0,"k":[38.664,0,0],"ix":1},"s":{"a":0,"k":[100,100,100],"ix":6}},"ao":0,"shapes":[{"ty":"gr","it":[{"ind":0,"ty":"sh","ix":1,"ks":{"a":1,"k":[{"i":{"x":0.27,"y":1},"o":{"x":0.73,"y":0},"t":10,"s":[{"i":[[0,-1.377],[0,0],[-3.014,1.728],[0,0],[-0.001,1.62],[0,0],[3.014,-1.728],[0,0],[0.185,-0.15]],"o":[[0,0],[-0.001,3.474],[0,0],[1.404,-0.806],[0,0],[0.002,-3.474],[0,0],[-0.21,0.121],[-1.051,0.85]],"v":[[31.087,-23.635],[31.086,-17.72],[37.854,-13.798],[36.392,-12.694],[38.664,-16.615],[38.664,-22.529],[31.896,-26.453],[33.358,-27.556],[32.764,-27.149]],"c":true}]},{"t":30,"s":[{"i":[[0,-1.374],[0,0],[-3.014,1.728],[0,0],[-0.001,1.62],[0,0],[3.014,-1.728],[0,0],[0.187,-0.152]],"o":[[0,0],[-0.001,3.474],[0,0],[1.404,-0.806],[0,0],[0.002,-3.474],[0,0],[-0.213,0.122],[-1.046,0.85]],"v":[[-38.663,16.615],[-38.664,22.53],[-31.896,26.452],[36.392,-12.694],[38.664,-16.615],[38.664,-22.529],[31.896,-26.453],[-36.392,12.694],[-36.993,13.107]],"c":true}]}],"ix":2},"nm":"Path 1","mn":"ADBE Vector Shape - Group","hd":false},{"ty":"fl","c":{"a":0,"k":[0.360784322023,0.419607847929,0.752941191196,1],"ix":4},"o":{"a":0,"k":100,"ix":5},"r":1,"bm":0,"nm":"Fill 1","mn":"ADBE Vector Graphic - Fill","hd":false},{"ty":"tr","p":{"a":0,"k":[0,0],"ix":2},"a":{"a":0,"k":[0,0],"ix":1},"s":{"a":0,"k":[100,100],"ix":3},"r":{"a":0,"k":0,"ix":6},"o":{"a":0,"k":100,"ix":7},"sk":{"a":0,"k":0,"ix":4},"sa":{"a":0,"k":0,"ix":5},"nm":"Transform"}],"nm":"Group 1","np":2,"cix":2,"bm":0,"ix":1,"mn":"ADBE Vector Group","hd":false}],"ip":0,"op":127,"st":0,"bm":0},{"ddd":0,"ind":10,"ty":4,"nm":"Layer 13","parent":5,"sr":1,"ks":{"o":{"a":1,"k":[{"i":{"x":[0.833],"y":[0.833]},"o":{"x":[0.167],"y":[0.167]},"t":7,"s":[0]},{"i":{"x":[0.667],"y":[1]},"o":{"x":[0.167],"y":[0]},"t":11,"s":[50]},{"i":{"x":[0.667],"y":[1]},"o":{"x":[0.333],"y":[0]},"t":81,"s":[50]},{"t":91,"s":[0]}],"ix":11},"r":{"a":0,"k":0,"ix":10},"p":{"a":0,"k":[21.008,-156.797,0],"ix":2},"a":{"a":0,"k":[53.609,0,0],"ix":1},"s":{"a":0,"k":[100,100,100],"ix":6}},"ao":0,"shapes":[{"ty":"gr","it":[{"ind":0,"ty":"sh","ix":1,"ks":{"a":1,"k":[{"i":{"x":0.27,"y":1},"o":{"x":0.73,"y":0},"t":7,"s":[{"i":[[0,-1.62],[0,0],[-3.013,1.729],[0,0],[0,1.62],[0,0],[3.014,-1.727],[0,0]],"o":[[0,0],[0,3.475],[0,0],[1.404,-0.804],[0,0],[0,-3.474],[0,0],[-1.405,0.805]],"v":[[44.143,-31.068],[44.141,-25.154],[50.91,-21.232],[51.335,-21.261],[53.607,-25.181],[53.609,-31.097],[46.84,-35.019],[46.415,-34.989]],"c":true}]},{"t":27,"s":[{"i":[[0,-1.62],[0,0],[-3.013,1.729],[0,0],[0,1.62],[0,0],[3.014,-1.727],[0,0]],"o":[[0,0],[0,3.475],[0,0],[1.404,-0.804],[0,0],[0,-3.474],[0,0],[-1.405,0.806]],"v":[[-53.607,25.182],[-53.609,31.096],[-46.84,35.018],[51.335,-21.261],[53.607,-25.181],[53.609,-31.097],[46.84,-35.019],[-51.335,21.261]],"c":true}]}],"ix":2},"nm":"Path 1","mn":"ADBE Vector Shape - Group","hd":false},{"ty":"fl","c":{"a":0,"k":[0.360784322023,0.419607847929,0.752941191196,1],"ix":4},"o":{"a":0,"k":100,"ix":5},"r":1,"bm":0,"nm":"Fill 1","mn":"ADBE Vector Graphic - Fill","hd":false},{"ty":"tr","p":{"a":0,"k":[0,0],"ix":2},"a":{"a":0,"k":[0,0],"ix":1},"s":{"a":0,"k":[100,100],"ix":3},"r":{"a":0,"k":0,"ix":6},"o":{"a":0,"k":100,"ix":7},"sk":{"a":0,"k":0,"ix":4},"sa":{"a":0,"k":0,"ix":5},"nm":"Transform"}],"nm":"Group 1","np":2,"cix":2,"bm":0,"ix":1,"mn":"ADBE Vector Group","hd":false}],"ip":0,"op":127,"st":0,"bm":0},{"ddd":0,"ind":11,"ty":4,"nm":"Layer 11","parent":5,"sr":1,"ks":{"o":{"a":1,"k":[{"i":{"x":[0.833],"y":[0.833]},"o":{"x":[0.167],"y":[0.167]},"t":4,"s":[0]},{"i":{"x":[0.667],"y":[1]},"o":{"x":[0.167],"y":[0]},"t":8,"s":[50]},{"i":{"x":[0.667],"y":[1]},"o":{"x":[0.333],"y":[0]},"t":81,"s":[50]},{"t":91,"s":[0]}],"ix":11},"r":{"a":0,"k":0,"ix":10},"p":{"a":0,"k":[21.015,-181.017,0],"ix":2},"a":{"a":0,"k":[62.617,0,0],"ix":1},"s":{"a":0,"k":[100,100,100],"ix":6}},"ao":0,"shapes":[{"ty":"gr","it":[{"ind":0,"ty":"sh","ix":1,"ks":{"a":1,"k":[{"i":{"x":0.27,"y":1},"o":{"x":0.73,"y":0},"t":4,"s":[{"i":[[0,-1.62],[0,0],[-3.014,1.728],[0,0],[-0.001,1.618],[0,0],[3.015,-1.727],[0,0]],"o":[[0,0],[0,3.473],[0,0],[1.405,-0.805],[0,0],[0,-3.475],[0,0],[-1.405,0.805]],"v":[[55.134,-37.654],[55.133,-31.739],[61.902,-27.817],[60.344,-26.425],[62.616,-30.344],[62.617,-36.26],[55.848,-40.184],[57.406,-41.574]],"c":true}]},{"t":24,"s":[{"i":[[0,-1.62],[0,0],[-3.014,1.728],[0,0],[-0.001,1.618],[0,0],[3.015,-1.727],[0,0]],"o":[[0,0],[0,3.473],[0,0],[1.405,-0.805],[0,0],[0,-3.475],[0,0],[-1.405,0.805]],"v":[[-62.616,30.346],[-62.617,36.261],[-55.848,40.183],[60.344,-26.425],[62.616,-30.344],[62.617,-36.26],[55.848,-40.184],[-60.344,26.426]],"c":true}]}],"ix":2},"nm":"Path 1","mn":"ADBE Vector Shape - Group","hd":false},{"ty":"fl","c":{"a":0,"k":[0.360784322023,0.419607847929,0.752941191196,1],"ix":4},"o":{"a":0,"k":100,"ix":5},"r":1,"bm":0,"nm":"Fill 1","mn":"ADBE Vector Graphic - Fill","hd":false},{"ty":"tr","p":{"a":0,"k":[0,0],"ix":2},"a":{"a":0,"k":[0,0],"ix":1},"s":{"a":0,"k":[100,100],"ix":3},"r":{"a":0,"k":0,"ix":6},"o":{"a":0,"k":100,"ix":7},"sk":{"a":0,"k":0,"ix":4},"sa":{"a":0,"k":0,"ix":5},"nm":"Transform"}],"nm":"Group 1","np":2,"cix":2,"bm":0,"ix":1,"mn":"ADBE Vector Group","hd":false}],"ip":0,"op":127,"st":0,"bm":0},{"ddd":0,"ind":12,"ty":4,"nm":"Layer 10","parent":5,"sr":1,"ks":{"o":{"a":1,"k":[{"i":{"x":[0.833],"y":[0.833]},"o":{"x":[0.167],"y":[0.167]},"t":0,"s":[0]},{"i":{"x":[0.667],"y":[1]},"o":{"x":[0.167],"y":[0]},"t":4,"s":[50]},{"i":{"x":[0.667],"y":[1]},"o":{"x":[0.333],"y":[0]},"t":81,"s":[50]},{"t":91,"s":[0]}],"ix":11},"r":{"a":0,"k":0,"ix":10},"p":{"a":0,"k":[21.004,-235.659,0],"ix":2},"a":{"a":0,"k":[18.448,0,0],"ix":1},"s":{"a":0,"k":[100,100,100],"ix":6}},"ao":0,"shapes":[{"ty":"gr","it":[{"ind":0,"ty":"sh","ix":1,"ks":{"a":1,"k":[{"i":{"x":0.27,"y":1},"o":{"x":0.73,"y":0},"t":0,"s":[{"i":[[-0.004,-1.617],[0,0],[-3.009,1.745],[0,0],[0.005,1.617],[0,0],[3.009,-1.745],[0,0]],"o":[[0,0],[0.01,3.478],[0,0],[1.398,-0.81],[0,0],[-0.009,-3.479],[0,0],[-1.398,0.812]],"v":[[11.052,-12.363],[11.069,-6.461],[17.858,-2.563],[16.196,-1.215],[18.448,-5.138],[18.432,-11.039],[11.643,-14.937],[13.304,-16.286]],"c":true}]},{"t":20,"s":[{"i":[[-0.004,-1.617],[0,0],[-3.009,1.745],[0,0],[0.005,1.617],[0,0],[3.009,-1.745],[0,0]],"o":[[0,0],[0.01,3.478],[0,0],[1.398,-0.81],[0,0],[-0.009,-3.479],[0,0],[-1.398,0.812]],"v":[[-18.448,5.137],[-18.431,11.039],[-11.642,14.937],[16.196,-1.215],[18.448,-5.138],[18.432,-11.039],[11.643,-14.937],[-16.196,1.214]],"c":true}]}],"ix":2},"nm":"Path 1","mn":"ADBE Vector Shape - Group","hd":false},{"ty":"fl","c":{"a":0,"k":[0.360784322023,0.419607847929,0.752941191196,1],"ix":4},"o":{"a":0,"k":100,"ix":5},"r":1,"bm":0,"nm":"Fill 1","mn":"ADBE Vector Graphic - Fill","hd":false},{"ty":"tr","p":{"a":0,"k":[0,0],"ix":2},"a":{"a":0,"k":[0,0],"ix":1},"s":{"a":0,"k":[100,100],"ix":3},"r":{"a":0,"k":0,"ix":6},"o":{"a":0,"k":100,"ix":7},"sk":{"a":0,"k":0,"ix":4},"sa":{"a":0,"k":0,"ix":5},"nm":"Transform"}],"nm":"Group 1","np":2,"cix":2,"bm":0,"ix":1,"mn":"ADBE Vector Group","hd":false}],"ip":0,"op":127,"st":0,"bm":0},{"ddd":0,"ind":13,"ty":4,"nm":"Layer 9","parent":5,"sr":1,"ks":{"o":{"a":0,"k":100,"ix":11},"r":{"a":0,"k":0,"ix":10},"p":{"a":0,"k":[-120.297,-239.062,0],"ix":2},"a":{"a":0,"k":[-254.381,-227.045,0],"ix":1},"s":{"a":0,"k":[100,100,100],"ix":6}},"ao":0,"shapes":[{"ty":"gr","it":[{"ind":0,"ty":"sh","ix":1,"ks":{"a":0,"k":{"i":[[0,0],[0,0],[0,0],[0,0],[0,0],[-0.931,-2.119],[0,0],[-0.858,3.193],[0,0],[0,0],[0,0],[0,0]],"o":[[0,0],[0,0],[0,0],[0,0],[1.138,2.247],[0,0],[0.615,-2.714],[0,0],[0,0],[0,0],[0,0],[0,0]],"v":[[-160.192,-233.677],[-160.934,-249.136],[-170.284,-266.05],[-166.371,-267.865],[-162.191,-259.63],[-159.244,-253.445],[-159.167,-253.483],[-156.927,-262.169],[-153.75,-273.721],[-150.063,-275.431],[-157.547,-250.893],[-156.794,-235.481]],"c":true},"ix":2},"nm":"Path 1","mn":"ADBE Vector Shape - Group","hd":false},{"ty":"fl","c":{"a":0,"k":[0.360784322023,0.419607847929,0.752941191196,1],"ix":4},"o":{"a":0,"k":100,"ix":5},"r":1,"bm":0,"nm":"Fill 1","mn":"ADBE Vector Graphic - Fill","hd":false},{"ty":"tr","p":{"a":0,"k":[0,0],"ix":2},"a":{"a":0,"k":[0,0],"ix":1},"s":{"a":0,"k":[100,100],"ix":3},"r":{"a":0,"k":0,"ix":6},"o":{"a":0,"k":100,"ix":7},"sk":{"a":0,"k":0,"ix":4},"sa":{"a":0,"k":0,"ix":5},"nm":"Transform"}],"nm":"Group 1","np":2,"cix":2,"bm":0,"ix":1,"mn":"ADBE Vector Group","hd":false},{"ty":"gr","it":[{"ind":0,"ty":"sh","ix":1,"ks":{"a":0,"k":{"i":[[0,0],[3.373,-1.795],[0.508,12.655],[-8.7,4.027],[-0.953,-0.224],[0,0],[2.287,-1.075],[-0.412,-10.006],[-6.845,3.592],[-1.375,1.683]],"o":[[-1.253,1.571],[-7.971,4.242],[-0.482,-12.011],[3.423,-1.585],[0,0],[-1.37,-0.246],[-6.554,3.081],[0.386,9.372],[2.177,-1.143],[0,0]],"v":[[-170.618,-229.386],[-177.808,-223.746],[-192.714,-235.791],[-178.715,-262.756],[-172.156,-264.127],[-172.823,-259.863],[-178.416,-258.794],[-188.764,-237.932],[-177.243,-228.229],[-171.517,-232.82]],"c":true},"ix":2},"nm":"Path 1","mn":"ADBE Vector Shape - Group","hd":false},{"ty":"fl","c":{"a":0,"k":[0.360784322023,0.419607847929,0.752941191196,1],"ix":4},"o":{"a":0,"k":100,"ix":5},"r":1,"bm":0,"nm":"Fill 1","mn":"ADBE Vector Graphic - Fill","hd":false},{"ty":"tr","p":{"a":0,"k":[0,0],"ix":2},"a":{"a":0,"k":[0,0],"ix":1},"s":{"a":0,"k":[100,100],"ix":3},"r":{"a":0,"k":0,"ix":6},"o":{"a":0,"k":100,"ix":7},"sk":{"a":0,"k":0,"ix":4},"sa":{"a":0,"k":0,"ix":5},"nm":"Transform"}],"nm":"Group 2","np":2,"cix":2,"bm":0,"ix":2,"mn":"ADBE Vector Group","hd":false},{"ty":"gr","it":[{"ind":0,"ty":"sh","ix":1,"ks":{"a":0,"k":{"i":[[0,0],[0,0],[0,0],[0,0],[-1.584,-3.286],[0,0],[0.232,6.087],[0,0],[0,0],[0,0],[0,0],[0,0],[1.739,3.563],[0,0],[-0.228,-6.676],[0,0]],"o":[[0,0],[0,0],[0,0],[2.431,3.484],[0,0],[-0.557,-5.057],[0,0],[0,0],[0,0],[0,0],[0,0],[-2.33,-3.357],[0,0],[0.407,4.93],[0,0],[0,0]],"v":[[-220.103,-201.855],[-221.449,-242.312],[-216.98,-244.385],[-206.326,-229.132],[-200.404,-219.11],[-200.317,-219.215],[-201.376,-235.079],[-201.995,-251.338],[-198.374,-253.017],[-196.862,-214.199],[-200.776,-212.12],[-211.238,-227.228],[-217.558,-237.688],[-217.697,-237.562],[-216.804,-221.186],[-216.213,-203.921]],"c":true},"ix":2},"nm":"Path 1","mn":"ADBE Vector Shape - Group","hd":false},{"ty":"fl","c":{"a":0,"k":[0.360784322023,0.419607847929,0.752941191196,1],"ix":4},"o":{"a":0,"k":100,"ix":5},"r":1,"bm":0,"nm":"Fill 1","mn":"ADBE Vector Graphic - Fill","hd":false},{"ty":"tr","p":{"a":0,"k":[0,0],"ix":2},"a":{"a":0,"k":[0,0],"ix":1},"s":{"a":0,"k":[100,100],"ix":3},"r":{"a":0,"k":0,"ix":6},"o":{"a":0,"k":100,"ix":7},"sk":{"a":0,"k":0,"ix":4},"sa":{"a":0,"k":0,"ix":5},"nm":"Transform"}],"nm":"Group 3","np":2,"cix":2,"bm":0,"ix":3,"mn":"ADBE Vector Group","hd":false},{"ty":"gr","it":[{"ind":0,"ty":"sh","ix":1,"ks":{"a":0,"k":{"i":[[0,0],[0,0],[0.573,2.161],[0,0],[0.587,-2.854],[0,0]],"o":[[0,0],[-0.832,-2.347],[0,0],[-0.434,2.703],[0,0],[0,0]],"v":[[-234.392,-211.853],[-238.042,-222.171],[-240.02,-228.901],[-240.121,-228.853],[-241.626,-220.5],[-244.658,-206.689]],"c":true},"ix":2},"nm":"Path 1","mn":"ADBE Vector Shape - Group","hd":false},{"ind":1,"ty":"sh","ix":2,"ks":{"a":0,"k":{"i":[[0,0],[0,0],[0,0],[0,0],[0,0],[0,0],[0,0],[0,0]],"o":[[0,0],[0,0],[0,0],[0,0],[0,0],[0,0],[0,0],[0,0]],"v":[[-245.469,-201.95],[-248.747,-186.64],[-253.492,-184.12],[-242.733,-232.437],[-237.45,-234.888],[-224.87,-199.323],[-229.413,-196.91],[-233.372,-208.118]],"c":true},"ix":2},"nm":"Path 2","mn":"ADBE Vector Shape - Group","hd":false},{"ty":"fl","c":{"a":0,"k":[0.360784322023,0.419607847929,0.752941191196,1],"ix":4},"o":{"a":0,"k":100,"ix":5},"r":1,"bm":0,"nm":"Fill 1","mn":"ADBE Vector Graphic - Fill","hd":false},{"ty":"tr","p":{"a":0,"k":[0,0],"ix":2},"a":{"a":0,"k":[0,0],"ix":1},"s":{"a":0,"k":[100,100],"ix":3},"r":{"a":0,"k":0,"ix":6},"o":{"a":0,"k":100,"ix":7},"sk":{"a":0,"k":0,"ix":4},"sa":{"a":0,"k":0,"ix":5},"nm":"Transform"}],"nm":"Group 4","np":3,"cix":2,"bm":0,"ix":4,"mn":"ADBE Vector Group","hd":false},{"ty":"gr","it":[{"ind":0,"ty":"sh","ix":1,"ks":{"a":0,"k":{"i":[[0,0],[4.502,-2.396],[0.259,14.845],[-11.611,5.374],[-1.244,-0.19],[0,0],[3.044,-1.431],[-0.219,-11.713],[-9.155,4.805],[-1.86,2.085]],"o":[[-1.696,1.946],[-10.673,5.68],[-0.246,-14.076],[4.554,-2.108],[0,0],[-1.792,-0.183],[-8.745,4.111],[0.206,10.979],[2.905,-1.524],[0,0]],"v":[[-256.838,-183.782],[-266.482,-176.557],[-285.819,-189.43],[-266.436,-222.153],[-257.769,-224.246],[-258.78,-219.22],[-266.167,-217.545],[-280.509,-192.275],[-265.595,-181.863],[-257.912,-187.723]],"c":true},"ix":2},"nm":"Path 1","mn":"ADBE Vector Shape - Group","hd":false},{"ty":"fl","c":{"a":0,"k":[0.360784322023,0.419607847929,0.752941191196,1],"ix":4},"o":{"a":0,"k":100,"ix":5},"r":1,"bm":0,"nm":"Fill 1","mn":"ADBE Vector Graphic - Fill","hd":false},{"ty":"tr","p":{"a":0,"k":[0,0],"ix":2},"a":{"a":0,"k":[0,0],"ix":1},"s":{"a":0,"k":[100,100],"ix":3},"r":{"a":0,"k":0,"ix":6},"o":{"a":0,"k":100,"ix":7},"sk":{"a":0,"k":0,"ix":4},"sa":{"a":0,"k":0,"ix":5},"nm":"Transform"}],"nm":"Group 5","np":2,"cix":2,"bm":0,"ix":5,"mn":"ADBE Vector Group","hd":false},{"ty":"gr","it":[{"ind":0,"ty":"sh","ix":1,"ks":{"a":0,"k":{"i":[[0,0],[0,0],[0.648,2.378],[0,0],[0.769,-3.21],[0,0]],"o":[[0,0],[-0.958,-2.572],[0,0],[-0.581,3.033],[0,0],[0,0]],"v":[[-299.253,-179.226],[-303.453,-190.53],[-305.706,-197.927],[-305.829,-197.869],[-307.822,-188.487],[-311.779,-172.924]],"c":true},"ix":2},"nm":"Path 1","mn":"ADBE Vector Shape - Group","hd":false},{"ind":1,"ty":"sh","ix":2,"ks":{"a":0,"k":{"i":[[0,0],[0,0],[0,0],[0,0],[0,0],[0,0],[0,0],[0,0]],"o":[[0,0],[0,0],[0,0],[0,0],[0,0],[0,0],[0,0],[0,0]],"v":[[-312.861,-167.592],[-317.157,-150.305],[-322.975,-147.215],[-308.915,-201.732],[-302.477,-204.719],[-288.018,-165.782],[-293.545,-162.846],[-298.096,-175.119]],"c":true},"ix":2},"nm":"Path 2","mn":"ADBE Vector Shape - Group","hd":false},{"ty":"fl","c":{"a":0,"k":[0.360784322023,0.419607847929,0.752941191196,1],"ix":4},"o":{"a":0,"k":100,"ix":5},"r":1,"bm":0,"nm":"Fill 1","mn":"ADBE Vector Graphic - Fill","hd":false},{"ty":"tr","p":{"a":0,"k":[0,0],"ix":2},"a":{"a":0,"k":[0,0],"ix":1},"s":{"a":0,"k":[100,100],"ix":3},"r":{"a":0,"k":0,"ix":6},"o":{"a":0,"k":100,"ix":7},"sk":{"a":0,"k":0,"ix":4},"sa":{"a":0,"k":0,"ix":5},"nm":"Transform"}],"nm":"Group 6","np":3,"cix":2,"bm":0,"ix":6,"mn":"ADBE Vector Group","hd":false},{"ty":"gr","it":[{"ind":0,"ty":"sh","ix":1,"ks":{"a":0,"k":{"i":[[0,0],[0,0],[0,0],[0,0],[-1.254,-5.156],[0,0],[-1.978,7.377],[0,0],[0,0],[0,0]],"o":[[0,0],[0,0],[0,0],[2.014,5.668],[0,0],[1.265,-6.377],[0,0],[0,0],[0,0],[0,0]],"v":[[-343.217,-136.463],[-358.698,-178.635],[-352.084,-181.704],[-344.751,-160.893],[-339.749,-144.932],[-339.613,-145.003],[-334.509,-165.908],[-327.142,-193.276],[-321.134,-196.063],[-336.661,-139.946]],"c":true},"ix":2},"nm":"Path 1","mn":"ADBE Vector Shape - Group","hd":false},{"ty":"fl","c":{"a":0,"k":[0.360784322023,0.419607847929,0.752941191196,1],"ix":4},"o":{"a":0,"k":100,"ix":5},"r":1,"bm":0,"nm":"Fill 1","mn":"ADBE Vector Graphic - Fill","hd":false},{"ty":"tr","p":{"a":0,"k":[0,0],"ix":2},"a":{"a":0,"k":[0,0],"ix":1},"s":{"a":0,"k":[100,100],"ix":3},"r":{"a":0,"k":0,"ix":6},"o":{"a":0,"k":100,"ix":7},"sk":{"a":0,"k":0,"ix":4},"sa":{"a":0,"k":0,"ix":5},"nm":"Transform"}],"nm":"Group 7","np":2,"cix":2,"bm":0,"ix":7,"mn":"ADBE Vector Group","hd":false},{"ty":"gr","it":[{"ind":0,"ty":"sh","ix":1,"ks":{"a":0,"k":{"i":[[0,0],[0,0],[0,0],[0,0],[-1.516,-3.266],[0,0],[0.237,5.784],[0,0],[0,0],[0,0],[0,0],[0,0],[1.663,3.54],[0,0],[-0.236,-6.335],[0,0]],"o":[[0,0],[0,0],[0,0],[2.322,3.536],[0,0],[-0.544,-4.841],[0,0],[0,0],[0,0],[0,0],[0,0],[-2.224,-3.405],[0,0],[0.401,4.703],[0,0],[0,0]],"v":[[-209.692,-271.357],[-211.088,-309.739],[-206.848,-311.265],[-196.676,-295.792],[-191.013,-285.724],[-190.93,-285.815],[-191.982,-300.935],[-192.615,-316.388],[-189.172,-317.628],[-187.628,-280.727],[-191.348,-279.148],[-201.341,-294.473],[-207.379,-304.985],[-207.51,-304.88],[-206.613,-289.306],[-206.002,-272.924]],"c":true},"ix":2},"nm":"Path 1","mn":"ADBE Vector Shape - Group","hd":false},{"ty":"fl","c":{"a":0,"k":[0.360784322023,0.419607847929,0.752941191196,1],"ix":4},"o":{"a":0,"k":100,"ix":5},"r":1,"bm":0,"nm":"Fill 1","mn":"ADBE Vector Graphic - Fill","hd":false},{"ty":"tr","p":{"a":0,"k":[0,0],"ix":2},"a":{"a":0,"k":[0,0],"ix":1},"s":{"a":0,"k":[100,100],"ix":3},"r":{"a":0,"k":0,"ix":6},"o":{"a":0,"k":100,"ix":7},"sk":{"a":0,"k":0,"ix":4},"sa":{"a":0,"k":0,"ix":5},"nm":"Transform"}],"nm":"Group 8","np":2,"cix":2,"bm":0,"ix":8,"mn":"ADBE Vector Group","hd":false},{"ty":"gr","it":[{"ind":0,"ty":"sh","ix":1,"ks":{"a":0,"k":{"i":[[0,0],[0,0],[0,0],[0,0],[0,0],[0,0],[0,0],[0,0],[0,0],[0,0],[0,0],[0,0]],"o":[[0,0],[0,0],[0,0],[0,0],[0,0],[0,0],[0,0],[0,0],[0,0],[0,0],[0,0],[0,0]],"v":[[-216.873,-286.871],[-229.196,-282.014],[-228.741,-267.658],[-215.001,-273.396],[-214.852,-269.165],[-232.822,-261.534],[-234.046,-301.474],[-216.898,-307.647],[-216.753,-303.483],[-229.725,-298.723],[-229.33,-286.248],[-217.017,-291.016]],"c":true},"ix":2},"nm":"Path 1","mn":"ADBE Vector Shape - Group","hd":false},{"ty":"fl","c":{"a":0,"k":[0.360784322023,0.419607847929,0.752941191196,1],"ix":4},"o":{"a":0,"k":100,"ix":5},"r":1,"bm":0,"nm":"Fill 1","mn":"ADBE Vector Graphic - Fill","hd":false},{"ty":"tr","p":{"a":0,"k":[0,0],"ix":2},"a":{"a":0,"k":[0,0],"ix":1},"s":{"a":0,"k":[100,100],"ix":3},"r":{"a":0,"k":0,"ix":6},"o":{"a":0,"k":100,"ix":7},"sk":{"a":0,"k":0,"ix":4},"sa":{"a":0,"k":0,"ix":5},"nm":"Transform"}],"nm":"Group 9","np":2,"cix":2,"bm":0,"ix":9,"mn":"ADBE Vector Group","hd":false},{"ty":"gr","it":[{"ind":0,"ty":"sh","ix":1,"ks":{"a":0,"k":{"i":[[0,0],[-1.5,0.589],[0.157,5.59],[4.89,-1.79],[0.773,-0.53]],"o":[[0.997,-0.081],[5.371,-2.108],[-0.15,-5.335],[-1.956,0.716],[0,0]],"v":[[-255.861,-273.056],[-252.115,-274.092],[-243.758,-286.129],[-252.039,-291.086],[-256.265,-289.109]],"c":true},"ix":2},"nm":"Path 1","mn":"ADBE Vector Shape - Group","hd":false},{"ind":1,"ty":"sh","ix":2,"ks":{"a":0,"k":{"i":[[0,0],[-3.611,1.298],[-2.059,-1.423],[-0.104,-3.572],[1.632,-2.76],[4.36,-1.74],[1.051,-0.107],[0,0],[0,0]],"o":[[2.195,-1.224],[4.381,-1.575],[1.893,1.233],[0.106,3.638],[-2.223,3.862],[-1.345,0.537],[0,0],[0,0],[0,0]],"v":[[-260.914,-291.307],[-252.251,-295.226],[-242.605,-295.324],[-239.434,-288.007],[-241.769,-278.395],[-252.107,-269.766],[-255.752,-268.685],[-255.332,-251.974],[-259.924,-250.024]],"c":true},"ix":2},"nm":"Path 2","mn":"ADBE Vector Shape - Group","hd":false},{"ty":"fl","c":{"a":0,"k":[0.360784322023,0.419607847929,0.752941191196,1],"ix":4},"o":{"a":0,"k":100,"ix":5},"r":1,"bm":0,"nm":"Fill 1","mn":"ADBE Vector Graphic - Fill","hd":false},{"ty":"tr","p":{"a":0,"k":[0,0],"ix":2},"a":{"a":0,"k":[0,0],"ix":1},"s":{"a":0,"k":[100,100],"ix":3},"r":{"a":0,"k":0,"ix":6},"o":{"a":0,"k":100,"ix":7},"sk":{"a":0,"k":0,"ix":4},"sa":{"a":0,"k":0,"ix":5},"nm":"Transform"}],"nm":"Group 10","np":3,"cix":2,"bm":0,"ix":10,"mn":"ADBE Vector Group","hd":false},{"ty":"gr","it":[{"ind":0,"ty":"sh","ix":1,"ks":{"a":0,"k":{"i":[[-0.148,-9.684],[-7.894,3.306],[0.206,9.675],[8.096,-2.96]],"o":[[0.145,9.466],[7.769,-3.254],[-0.179,-8.436],[-8.236,3.012]],"v":[[-295.917,-256.836],[-283.171,-244.078],[-271.467,-266.879],[-283.767,-279.729]],"c":true},"ix":2},"nm":"Path 1","mn":"ADBE Vector Shape - Group","hd":false},{"ind":1,"ty":"sh","ix":2,"ks":{"a":0,"k":{"i":[[-0.281,-12.477],[9.673,-4.118],[0.188,13.539],[-10.309,3.7]],"o":[[0.328,14.569],[-10.312,4.39],[-0.196,-14.107],[10.223,-3.669]],"v":[[-266.476,-269.088],[-283.371,-239.345],[-301.432,-254.539],[-283.624,-284.331]],"c":true},"ix":2},"nm":"Path 2","mn":"ADBE Vector Shape - Group","hd":false},{"ty":"fl","c":{"a":0,"k":[0.360784322023,0.419607847929,0.752941191196,1],"ix":4},"o":{"a":0,"k":100,"ix":5},"r":1,"bm":0,"nm":"Fill 1","mn":"ADBE Vector Graphic - Fill","hd":false},{"ty":"tr","p":{"a":0,"k":[0,0],"ix":2},"a":{"a":0,"k":[0,0],"ix":1},"s":{"a":0,"k":[100,100],"ix":3},"r":{"a":0,"k":0,"ix":6},"o":{"a":0,"k":100,"ix":7},"sk":{"a":0,"k":0,"ix":4},"sa":{"a":0,"k":0,"ix":5},"nm":"Transform"}],"nm":"Group 11","np":3,"cix":2,"bm":0,"ix":11,"mn":"ADBE Vector Group","hd":false}],"ip":0,"op":127,"st":0,"bm":0},{"ddd":0,"ind":14,"ty":4,"nm":"Layer 8","parent":5,"sr":1,"ks":{"o":{"a":0,"k":100,"ix":11},"r":{"a":0,"k":0,"ix":10},"p":{"a":0,"k":[329.853,-216.934,0],"ix":2},"a":{"a":0,"k":[195.769,-204.917,0],"ix":1},"s":{"a":0,"k":[100,100,100],"ix":6}},"ao":0,"shapes":[{"ty":"gr","it":[{"ty":"gr","it":[{"ind":0,"ty":"sh","ix":1,"ks":{"a":0,"k":{"i":[[0,0],[6.962,4.081],[4.981,6.152],[0.109,5.427],[-17.008,-9.56],[-2.26,-2.005],[0,0],[5.194,2.933],[-0.178,-8.772],[-11.864,-6.924],[-1.529,-0.368],[0,0],[0,0],[0,0],[0,0]],"o":[[-3.011,-1.026],[-7.725,-4.528],[-4.35,-5.404],[-0.135,-10.341],[5.964,3.352],[0,0],[-2.797,-2.419],[-12.383,-6.992],[0.18,8.883],[4.355,2.542],[0,0],[0,0],[0,0],[0,0],[0,0]],"v":[[276.211,-102.984],[260.322,-110.351],[241.286,-126.083],[234.085,-143.107],[261.003,-145.745],[273.941,-136.847],[272.398,-133.997],[260.933,-141.99],[240.868,-139.417],[260.7,-113.878],[269.569,-109.645],[269.34,-120.298],[258.859,-126.334],[258.782,-130.016],[275.835,-120.235]],"c":true},"ix":2},"nm":"Path 1","mn":"ADBE Vector Shape - Group","hd":false},{"ty":"fl","c":{"a":0,"k":[1,1,1,1],"ix":4},"o":{"a":0,"k":100,"ix":5},"r":1,"bm":0,"nm":"Fill 1","mn":"ADBE Vector Graphic - Fill","hd":false},{"ty":"tr","p":{"a":0,"k":[0,0],"ix":2},"a":{"a":0,"k":[0,0],"ix":1},"s":{"a":0,"k":[100,100],"ix":3},"r":{"a":0,"k":0,"ix":6},"o":{"a":0,"k":100,"ix":7},"sk":{"a":0,"k":0,"ix":4},"sa":{"a":0,"k":0,"ix":5},"nm":"Transform"}],"nm":"Group 1","np":2,"cix":2,"bm":0,"ix":1,"mn":"ADBE Vector Group","hd":false},{"ty":"gr","it":[{"ind":0,"ty":"sh","ix":1,"ks":{"a":0,"k":{"i":[[0,0],[0,0],[0,0],[0,0],[-2.373,-4.869],[0,0],[0.104,5.372],[0,0],[0,0],[0,0],[0,0],[0,0],[2.437,5.013],[0,0],[-0.104,-5.63],[0,0]],"o":[[0,0],[0,0],[0,0],[3.648,6.079],[0,0],[-0.666,-4.943],[0,0],[0,0],[0,0],[0,0],[0,0],[-3.376,-5.681],[0,0],[0.426,4.466],[0,0],[0,0]],"v":[[190.375,-151.7],[189.761,-185.442],[196.348,-181.738],[211.884,-155.856],[220.772,-139.664],[220.916,-139.631],[219.92,-154.226],[219.639,-168.641],[225.564,-165.309],[226.246,-130.682],[219.877,-134.414],[204.297,-160.664],[195.263,-177.032],[195.056,-177.1],[195.8,-162.855],[196.067,-148.365]],"c":true},"ix":2},"nm":"Path 1","mn":"ADBE Vector Shape - Group","hd":false},{"ty":"fl","c":{"a":0,"k":[1,1,1,1],"ix":4},"o":{"a":0,"k":100,"ix":5},"r":1,"bm":0,"nm":"Fill 1","mn":"ADBE Vector Graphic - Fill","hd":false},{"ty":"tr","p":{"a":0,"k":[0,0],"ix":2},"a":{"a":0,"k":[0,0],"ix":1},"s":{"a":0,"k":[100,100],"ix":3},"r":{"a":0,"k":0,"ix":6},"o":{"a":0,"k":100,"ix":7},"sk":{"a":0,"k":0,"ix":4},"sa":{"a":0,"k":0,"ix":5},"nm":"Transform"}],"nm":"Group 2","np":2,"cix":2,"bm":0,"ix":2,"mn":"ADBE Vector Group","hd":false},{"ty":"gr","it":[{"ind":0,"ty":"sh","ix":1,"ks":{"a":0,"k":{"i":[[0,0],[0,0],[0,0],[0,0]],"o":[[0,0],[0,0],[0,0],[0,0]],"v":[[179.348,-191.298],[179.943,-157.812],[174.042,-161.27],[173.458,-194.61]],"c":true},"ix":2},"nm":"Path 1","mn":"ADBE Vector Shape - Group","hd":false},{"ty":"fl","c":{"a":0,"k":[1,1,1,1],"ix":4},"o":{"a":0,"k":100,"ix":5},"r":1,"bm":0,"nm":"Fill 1","mn":"ADBE Vector Graphic - Fill","hd":false},{"ty":"tr","p":{"a":0,"k":[0,0],"ix":2},"a":{"a":0,"k":[0,0],"ix":1},"s":{"a":0,"k":[100,100],"ix":3},"r":{"a":0,"k":0,"ix":6},"o":{"a":0,"k":100,"ix":7},"sk":{"a":0,"k":0,"ix":4},"sa":{"a":0,"k":0,"ix":5},"nm":"Transform"}],"nm":"Group 3","np":2,"cix":2,"bm":0,"ix":3,"mn":"ADBE Vector Group","hd":false},{"ty":"gr","it":[{"ind":0,"ty":"sh","ix":1,"ks":{"a":0,"k":{"i":[[0,0],[0,0],[0.064,3.767],[6.018,3.446],[0.902,0.317]],"o":[[0,0],[6.09,3.492],[-0.072,-4.255],[-2.729,-1.541],[0,0]],"v":[[143.946,-196.069],[149.723,-192.756],[159.598,-193.297],[149.325,-205.201],[143.752,-207.963]],"c":true},"ix":2},"nm":"Path 1","mn":"ADBE Vector Shape - Group","hd":false},{"ind":1,"ty":"sh","ix":2,"ks":{"a":0,"k":{"i":[[0,0],[-3.893,-2.189],[-2.811,-3.425],[-0.044,-2.555],[4.674,1.521],[0,0],[-1.122,-4.052],[-0.958,-1.829],[0,0],[1.326,4.844],[5.17,3.121],[0,0],[0,0],[0,0]],"o":[[2.818,1.156],[6.079,3.417],[2.283,2.746],[0.075,4.374],[0,0],[3.45,2.856],[1.544,5.472],[0,0],[-0.745,-1.359],[-1.396,-5.311],[0,0],[0,0],[0,0],[0,0]],"v":[[138.108,-214.059],[148.88,-208.671],[161.735,-198.777],[165.366,-190.503],[157.091,-186.887],[157.094,-186.74],[163.763,-176.294],[167.388,-165.169],[161.393,-168.682],[158.281,-178.308],[149.32,-189.812],[143.998,-192.876],[144.228,-178.739],[138.623,-182.024]],"c":true},"ix":2},"nm":"Path 2","mn":"ADBE Vector Shape - Group","hd":false},{"ty":"fl","c":{"a":0,"k":[1,1,1,1],"ix":4},"o":{"a":0,"k":100,"ix":5},"r":1,"bm":0,"nm":"Fill 1","mn":"ADBE Vector Graphic - Fill","hd":false},{"ty":"tr","p":{"a":0,"k":[0,0],"ix":2},"a":{"a":0,"k":[0,0],"ix":1},"s":{"a":0,"k":[100,100],"ix":3},"r":{"a":0,"k":0,"ix":6},"o":{"a":0,"k":100,"ix":7},"sk":{"a":0,"k":0,"ix":4},"sa":{"a":0,"k":0,"ix":5},"nm":"Transform"}],"nm":"Group 4","np":3,"cix":2,"bm":0,"ix":4,"mn":"ADBE Vector Group","hd":false},{"ty":"gr","it":[{"ind":0,"ty":"sh","ix":1,"ks":{"a":0,"k":{"i":[[0,0],[0,0],[0,0],[0,0]],"o":[[0,0],[0,0],[0,0],[0,0]],"v":[[128.433,-219.929],[128.937,-187.698],[123.456,-190.91],[122.961,-223.006]],"c":true},"ix":2},"nm":"Path 1","mn":"ADBE Vector Shape - Group","hd":false},{"ty":"fl","c":{"a":0,"k":[1,1,1,1],"ix":4},"o":{"a":0,"k":100,"ix":5},"r":1,"bm":0,"nm":"Fill 1","mn":"ADBE Vector Graphic - Fill","hd":false},{"ty":"tr","p":{"a":0,"k":[0,0],"ix":2},"a":{"a":0,"k":[0,0],"ix":1},"s":{"a":0,"k":[100,100],"ix":3},"r":{"a":0,"k":0,"ix":6},"o":{"a":0,"k":100,"ix":7},"sk":{"a":0,"k":0,"ix":4},"sa":{"a":0,"k":0,"ix":5},"nm":"Transform"}],"nm":"Group 5","np":2,"cix":2,"bm":0,"ix":5,"mn":"ADBE Vector Group","hd":false},{"ty":"gr","it":[{"ind":0,"ty":"sh","ix":1,"ks":{"a":0,"k":{"i":[[0,0],[0,0],[0,0],[0,0],[0,0],[0,0],[0,0],[0,0],[0,0],[0,0],[0,0],[0,0]],"o":[[0,0],[0,0],[0,0],[0,0],[0,0],[0,0],[0,0],[0,0],[0,0],[0,0],[0,0],[0,0]],"v":[[88.475,-242.398],[88.658,-229.334],[108.352,-218.065],[108.156,-231.331],[113.569,-228.287],[114.048,-196.423],[108.625,-199.6],[108.405,-214.487],[88.707,-225.811],[88.912,-211.151],[83.749,-214.176],[83.321,-245.297]],"c":true},"ix":2},"nm":"Path 1","mn":"ADBE Vector Shape - Group","hd":false},{"ty":"fl","c":{"a":0,"k":[1,1,1,1],"ix":4},"o":{"a":0,"k":100,"ix":5},"r":1,"bm":0,"nm":"Fill 1","mn":"ADBE Vector Graphic - Fill","hd":false},{"ty":"tr","p":{"a":0,"k":[0,0],"ix":2},"a":{"a":0,"k":[0,0],"ix":1},"s":{"a":0,"k":[100,100],"ix":3},"r":{"a":0,"k":0,"ix":6},"o":{"a":0,"k":100,"ix":7},"sk":{"a":0,"k":0,"ix":4},"sa":{"a":0,"k":0,"ix":5},"nm":"Transform"}],"nm":"Group 6","np":2,"cix":2,"bm":0,"ix":6,"mn":"ADBE Vector Group","hd":false},{"ty":"gr","it":[{"ind":0,"ty":"sh","ix":1,"ks":{"a":0,"k":{"i":[[0,0],[0,0],[0,0],[0,0],[0,0],[0,0],[0,0],[0,0],[0,0],[0,0],[0,0],[0,0]],"o":[[0,0],[0,0],[0,0],[0,0],[0,0],[0,0],[0,0],[0,0],[0,0],[0,0],[0,0],[0,0]],"v":[[282.276,-177.751],[262.052,-188.528],[262.323,-175.77],[284.914,-163.539],[285,-159.644],[255.803,-175.525],[255.065,-210.729],[283.028,-196.176],[283.114,-192.294],[261.735,-203.474],[261.972,-192.306],[282.191,-181.582]],"c":true},"ix":2},"nm":"Path 1","mn":"ADBE Vector Shape - Group","hd":false},{"ty":"fl","c":{"a":0,"k":[1,1,1,1],"ix":4},"o":{"a":0,"k":100,"ix":5},"r":1,"bm":0,"nm":"Fill 1","mn":"ADBE Vector Graphic - Fill","hd":false},{"ty":"tr","p":{"a":0,"k":[0,0],"ix":2},"a":{"a":0,"k":[0,0],"ix":1},"s":{"a":0,"k":[100,100],"ix":3},"r":{"a":0,"k":0,"ix":6},"o":{"a":0,"k":100,"ix":7},"sk":{"a":0,"k":0,"ix":4},"sa":{"a":0,"k":0,"ix":5},"nm":"Transform"}],"nm":"Group 7","np":2,"cix":2,"bm":0,"ix":7,"mn":"ADBE Vector Group","hd":false},{"ty":"gr","it":[{"ind":0,"ty":"sh","ix":1,"ks":{"a":0,"k":{"i":[[0,0],[0,0],[0.081,3.976],[6.718,3.562],[1.005,0.324]],"o":[[0,0],[6.798,3.613],[-0.091,-4.491],[-3.046,-1.592],[0,0]],"v":[[222.142,-211.917],[228.589,-208.491],[239.599,-209.178],[228.113,-221.615],[221.897,-224.459]],"c":true},"ix":2},"nm":"Path 1","mn":"ADBE Vector Shape - Group","hd":false},{"ind":1,"ty":"sh","ix":2,"ks":{"a":0,"k":{"i":[[0,0],[-4.344,-2.26],[-3.145,-3.581],[-0.056,-2.697],[5.218,1.551],[0,0],[-1.263,-4.265],[-1.074,-1.921],[0,0],[1.492,5.098],[5.771,3.233],[0,0],[0,0],[0,0]],"o":[[3.14,1.182],[6.786,3.53],[2.553,2.87],[0.095,4.616],[0,0],[3.856,2.975],[1.737,5.76],[0,0],[-0.835,-1.427],[-1.569,-5.588],[0,0],[0,0],[0,0],[0,0]],"v":[[215.595,-230.818],[227.609,-225.27],[241.969,-214.987],[246.041,-206.296],[236.819,-202.383],[236.822,-202.229],[244.289,-191.278],[248.363,-179.572],[241.664,-183.216],[238.167,-193.342],[228.147,-205.38],[222.208,-208.55],[222.5,-193.64],[216.247,-197.041]],"c":true},"ix":2},"nm":"Path 2","mn":"ADBE Vector Shape - Group","hd":false},{"ty":"fl","c":{"a":0,"k":[1,1,1,1],"ix":4},"o":{"a":0,"k":100,"ix":5},"r":1,"bm":0,"nm":"Fill 1","mn":"ADBE Vector Graphic - Fill","hd":false},{"ty":"tr","p":{"a":0,"k":[0,0],"ix":2},"a":{"a":0,"k":[0,0],"ix":1},"s":{"a":0,"k":[100,100],"ix":3},"r":{"a":0,"k":0,"ix":6},"o":{"a":0,"k":100,"ix":7},"sk":{"a":0,"k":0,"ix":4},"sa":{"a":0,"k":0,"ix":5},"nm":"Transform"}],"nm":"Group 8","np":3,"cix":2,"bm":0,"ix":8,"mn":"ADBE Vector Group","hd":false},{"ty":"gr","it":[{"ind":0,"ty":"sh","ix":1,"ks":{"a":0,"k":{"i":[[0,0],[0,0],[0.725,2.302],[0,0],[0.854,-1.569],[0,0]],"o":[[0,0],[-1.076,-2.739],[0,0],[-0.652,1.629],[0,0],[0,0]],"v":[[196.087,-221.897],[191.334,-234.02],[188.809,-241.415],[188.672,-241.486],[186.447,-236.647],[182.108,-229.364]],"c":true},"ix":2},"nm":"Path 1","mn":"ADBE Vector Shape - Group","hd":false},{"ind":1,"ty":"sh","ix":2,"ks":{"a":0,"k":{"i":[[0,0],[0,0],[0,0],[0,0],[0,0],[0,0],[0,0],[0,0]],"o":[[0,0],[0,0],[0,0],[0,0],[0,0],[0,0],[0,0],[0,0]],"v":[[180.941,-226.651],[176.376,-218.728],[170.314,-222.026],[185.24,-247.067],[192.464,-243.307],[209.198,-200.876],[202.637,-204.444],[197.403,-217.819]],"c":true},"ix":2},"nm":"Path 2","mn":"ADBE Vector Shape - Group","hd":false},{"ty":"fl","c":{"a":0,"k":[1,1,1,1],"ix":4},"o":{"a":0,"k":100,"ix":5},"r":1,"bm":0,"nm":"Fill 1","mn":"ADBE Vector Graphic - Fill","hd":false},{"ty":"tr","p":{"a":0,"k":[0,0],"ix":2},"a":{"a":0,"k":[0,0],"ix":1},"s":{"a":0,"k":[100,100],"ix":3},"r":{"a":0,"k":0,"ix":6},"o":{"a":0,"k":100,"ix":7},"sk":{"a":0,"k":0,"ix":4},"sa":{"a":0,"k":0,"ix":5},"nm":"Transform"}],"nm":"Group 9","np":3,"cix":2,"bm":0,"ix":9,"mn":"ADBE Vector Group","hd":false},{"ty":"gr","it":[{"ind":0,"ty":"sh","ix":1,"ks":{"a":0,"k":{"i":[[0,0],[0,0],[0,0],[0,0],[0,0],[0,0],[0,0],[0,0],[0,0],[0,0],[0,0],[0,0]],"o":[[0,0],[0,0],[0,0],[0,0],[0,0],[0,0],[0,0],[0,0],[0,0],[0,0],[0,0],[0,0]],"v":[[149.967,-248.259],[133.12,-257.237],[133.304,-245.619],[152.119,-235.433],[152.178,-231.891],[127.852,-245.123],[127.35,-277.194],[150.656,-265.065],[150.714,-261.534],[132.904,-270.848],[133.065,-260.677],[149.909,-251.743]],"c":true},"ix":2},"nm":"Path 1","mn":"ADBE Vector Shape - Group","hd":false},{"ty":"fl","c":{"a":0,"k":[1,1,1,1],"ix":4},"o":{"a":0,"k":100,"ix":5},"r":1,"bm":0,"nm":"Fill 1","mn":"ADBE Vector Graphic - Fill","hd":false},{"ty":"tr","p":{"a":0,"k":[0,0],"ix":2},"a":{"a":0,"k":[0,0],"ix":1},"s":{"a":0,"k":[100,100],"ix":3},"r":{"a":0,"k":0,"ix":6},"o":{"a":0,"k":100,"ix":7},"sk":{"a":0,"k":0,"ix":4},"sa":{"a":0,"k":0,"ix":5},"nm":"Transform"}],"nm":"Group 10","np":2,"cix":2,"bm":0,"ix":10,"mn":"ADBE Vector Group","hd":false},{"ty":"gr","it":[{"ind":0,"ty":"sh","ix":1,"ks":{"a":0,"k":{"i":[[0,0],[0,0],[0,0],[0,0],[-0.752,-3.379],[0,0],[-1.31,3.288],[0,0],[0,0],[0,0],[-0.661,-3.659],[0,0],[-1.231,3.257],[0,0],[0,0],[0,0],[0,0],[0,0],[0.587,3.443],[0,0],[1.441,-3.24],[0,0]],"o":[[0,0],[0,0],[0,0],[1.233,4.492],[0,0],[0.608,-2.739],[0,0],[0,0],[0,0],[1.213,4.361],[0,0],[0.806,-3.01],[0,0],[0,0],[0,0],[0,0],[0,0],[-1.325,-4.674],[0,0],[-0.676,2.732],[0,0],[0,0]],"v":[[82.987,-269.526],[72.577,-305.698],[77.93,-302.913],[82.836,-284.809],[85.937,-272.499],[86.055,-272.435],[89.168,-281.484],[94.317,-294.385],[99.791,-291.536],[104.997,-272.966],[108.026,-260.608],[108.148,-260.541],[111.299,-269.704],[116.55,-282.814],[122.086,-279.933],[110.734,-254.434],[105.164,-257.464],[99.766,-276.629],[96.967,-288.26],[96.846,-288.323],[93.871,-279.763],[88.373,-266.597]],"c":true},"ix":2},"nm":"Path 1","mn":"ADBE Vector Shape - Group","hd":false},{"ty":"fl","c":{"a":0,"k":[1,1,1,1],"ix":4},"o":{"a":0,"k":100,"ix":5},"r":1,"bm":0,"nm":"Fill 1","mn":"ADBE Vector Graphic - Fill","hd":false},{"ty":"tr","p":{"a":0,"k":[0,0],"ix":2},"a":{"a":0,"k":[0,0],"ix":1},"s":{"a":0,"k":[100,100],"ix":3},"r":{"a":0,"k":0,"ix":6},"o":{"a":0,"k":100,"ix":7},"sk":{"a":0,"k":0,"ix":4},"sa":{"a":0,"k":0,"ix":5},"nm":"Transform"}],"nm":"Group 11","np":2,"cix":2,"bm":0,"ix":11,"mn":"ADBE Vector Group","hd":false},{"ty":"tr","p":{"a":0,"k":[0,0],"ix":2},"a":{"a":0,"k":[0,0],"ix":1},"s":{"a":0,"k":[100,100],"ix":3},"r":{"a":0,"k":0,"ix":6},"o":{"a":0,"k":100,"ix":7},"sk":{"a":0,"k":0,"ix":4},"sa":{"a":0,"k":0,"ix":5},"nm":"Transform"}],"nm":"Group 1","np":11,"cix":2,"bm":0,"ix":1,"mn":"ADBE Vector Group","hd":false},{"ty":"gr","it":[{"ty":"gr","it":[{"ty":"gr","it":[{"ind":0,"ty":"sh","ix":1,"ks":{"a":0,"k":{"i":[[0,0],[0.063,-22.22],[0,0],[19.337,11.164],[0,0],[-0.063,22.22],[0,0],[-19.337,-11.165]],"o":[[19.337,11.164],[0,0],[-0.063,22.22],[0,0],[-19.337,-11.164],[0,0],[0.063,-22.22],[0,0]],"v":[[322.961,-242.003],[357.855,-181.565],[357.406,-23.063],[322.284,-3.047],[52.794,-158.638],[17.872,-219.093],[18.321,-377.595],[53.471,-397.593]],"c":true},"ix":2},"nm":"Path 1","mn":"ADBE Vector Shape - Group","hd":false},{"ty":"fl","c":{"a":0,"k":[0.360784322023,0.419607847929,0.752941191196,1],"ix":4},"o":{"a":0,"k":100,"ix":5},"r":1,"bm":0,"nm":"Fill 1","mn":"ADBE Vector Graphic - Fill","hd":false},{"ty":"tr","p":{"a":0,"k":[0,0],"ix":2},"a":{"a":0,"k":[0,0],"ix":1},"s":{"a":0,"k":[100,100],"ix":3},"r":{"a":0,"k":0,"ix":6},"o":{"a":0,"k":100,"ix":7},"sk":{"a":0,"k":0,"ix":4},"sa":{"a":0,"k":0,"ix":5},"nm":"Transform"}],"nm":"Group 1","np":2,"cix":2,"bm":0,"ix":1,"mn":"ADBE Vector Group","hd":false},{"ty":"tr","p":{"a":0,"k":[0,0],"ix":2},"a":{"a":0,"k":[0,0],"ix":1},"s":{"a":0,"k":[100,100],"ix":3},"r":{"a":0,"k":0,"ix":6},"o":{"a":0,"k":100,"ix":7},"sk":{"a":0,"k":0,"ix":4},"sa":{"a":0,"k":0,"ix":5},"nm":"Transform"}],"nm":"Group 1","np":1,"cix":2,"bm":0,"ix":1,"mn":"ADBE Vector Group","hd":false},{"ty":"gr","it":[{"ind":0,"ty":"sh","ix":1,"ks":{"a":0,"k":{"i":[[19.337,11.165],[0,0],[6.373,-3.704],[0,0],[-9.738,-5.622],[0,0],[0.063,-22.22],[0,0],[6.284,-3.652],[0,0],[-0.031,11.039],[0,0]],"o":[[0,0],[-9.738,-5.622],[0,0],[6.373,-3.704],[0,0],[19.338,11.164],[0,0],[-0.031,11.039],[0,0],[6.284,-3.651],[0,0],[0.063,-22.22]],"v":[[338.773,-251.192],[69.283,-406.782],[44.344,-409.224],[28.532,-400.035],[53.471,-397.594],[322.961,-242.003],[357.855,-181.565],[357.406,-23.063],[347.195,-0.606],[363.007,-9.795],[373.217,-32.252],[373.667,-190.754]],"c":true},"ix":2},"nm":"Path 1","mn":"ADBE Vector Shape - Group","hd":false},{"ty":"fl","c":{"a":0,"k":[0.784313738346,0.952941179276,1,1],"ix":4},"o":{"a":0,"k":100,"ix":5},"r":1,"bm":0,"nm":"Fill 1","mn":"ADBE Vector Graphic - Fill","hd":false},{"ty":"tr","p":{"a":0,"k":[0,0],"ix":2},"a":{"a":0,"k":[0,0],"ix":1},"s":{"a":0,"k":[100,100],"ix":3},"r":{"a":0,"k":0,"ix":6},"o":{"a":0,"k":100,"ix":7},"sk":{"a":0,"k":0,"ix":4},"sa":{"a":0,"k":0,"ix":5},"nm":"Transform"}],"nm":"Group 2","np":2,"cix":2,"bm":0,"ix":2,"mn":"ADBE Vector Group","hd":false},{"ty":"tr","p":{"a":0,"k":[0,0],"ix":2},"a":{"a":0,"k":[0,0],"ix":1},"s":{"a":0,"k":[100,100],"ix":3},"r":{"a":0,"k":0,"ix":6},"o":{"a":0,"k":100,"ix":7},"sk":{"a":0,"k":0,"ix":4},"sa":{"a":0,"k":0,"ix":5},"nm":"Transform"}],"nm":"Group 2","np":2,"cix":2,"bm":0,"ix":2,"mn":"ADBE Vector Group","hd":false}],"ip":0,"op":127,"st":0,"bm":0},{"ddd":0,"ind":15,"ty":4,"nm":"Layer 5","parent":16,"sr":1,"ks":{"o":{"a":0,"k":100,"ix":11},"r":{"a":1,"k":[{"i":{"x":[0.27],"y":[1]},"o":{"x":[0.73],"y":[0]},"t":0,"s":[0]},{"i":{"x":[0.27],"y":[1]},"o":{"x":[0.73],"y":[0]},"t":20,"s":[-10]},{"i":{"x":[0.27],"y":[1]},"o":{"x":[0.73],"y":[0]},"t":61,"s":[-10]},{"t":81,"s":[0]}],"ix":10},"p":{"a":0,"k":[-39.153,-153.969,0],"ix":2},"a":{"a":0,"k":[-39.153,-153.977,0],"ix":1},"s":{"a":0,"k":[100,100,100],"ix":6}},"ao":0,"shapes":[{"ty":"gr","it":[{"ind":0,"ty":"sh","ix":1,"ks":{"a":0,"k":{"i":[[0,0],[5.56,-16.679],[0.855,-7.698],[-0.428,-2.138],[-4.704,5.987],[-3.849,12.83],[-0.428,8.981]],"o":[[0,0],[-5.56,16.678],[-0.855,7.697],[0.428,2.566],[3.421,-7.698],[3.849,-12.83],[0.428,-8.981]],"v":[[-35.99,-164.356],[-53.524,-148.105],[-62.077,-97.641],[-62.826,-44.933],[-49.996,-44.077],[-42.833,-98.069],[-29.148,-152.381]],"c":true},"ix":2},"nm":"Path 1","mn":"ADBE Vector Shape - Group","hd":false},{"ty":"fl","c":{"a":0,"k":[0,0,0,1],"ix":4},"o":{"a":0,"k":100,"ix":5},"r":1,"bm":0,"nm":"Fill 1","mn":"ADBE Vector Graphic - Fill","hd":false},{"ty":"tr","p":{"a":0,"k":[0,0],"ix":2},"a":{"a":0,"k":[0,0],"ix":1},"s":{"a":0,"k":[100,100],"ix":3},"r":{"a":0,"k":0,"ix":6},"o":{"a":0,"k":100,"ix":7},"sk":{"a":0,"k":0,"ix":4},"sa":{"a":0,"k":0,"ix":5},"nm":"Transform"}],"nm":"Group 1","np":2,"cix":2,"bm":0,"ix":1,"mn":"ADBE Vector Group","hd":false},{"ty":"gr","it":[{"ind":0,"ty":"sh","ix":1,"ks":{"a":0,"k":{"i":[[0,0],[0.641,-2.566],[0,0],[2.245,-1.925],[0,0],[2.566,3.208],[-2.566,4.169]],"o":[[0,0],[-0.641,2.566],[0,0],[-2.245,1.924],[0,0],[-2.566,-3.208],[2.566,-4.17]],"v":[[-51.279,-44.612],[-47.43,-34.99],[-51.279,-36.273],[-52.562,-26.009],[-55.77,-29.537],[-61.543,-30.499],[-60.901,-44.933]],"c":true},"ix":2},"nm":"Path 1","mn":"ADBE Vector Shape - Group","hd":false},{"ty":"fl","c":{"a":0,"k":[1,0.584313750267,0.329411774874,1],"ix":4},"o":{"a":0,"k":100,"ix":5},"r":1,"bm":0,"nm":"Fill 1","mn":"ADBE Vector Graphic - Fill","hd":false},{"ty":"tr","p":{"a":0,"k":[0,0],"ix":2},"a":{"a":0,"k":[0,0],"ix":1},"s":{"a":0,"k":[100,100],"ix":3},"r":{"a":0,"k":0,"ix":6},"o":{"a":0,"k":100,"ix":7},"sk":{"a":0,"k":0,"ix":4},"sa":{"a":0,"k":0,"ix":5},"nm":"Transform"}],"nm":"Group 2","np":2,"cix":2,"bm":0,"ix":2,"mn":"ADBE Vector Group","hd":false}],"ip":0,"op":127,"st":0,"bm":0},{"ddd":0,"ind":16,"ty":4,"nm":"Layer 2","parent":5,"sr":1,"ks":{"o":{"a":0,"k":100,"ix":11},"r":{"a":0,"k":0,"ix":10},"p":{"a":1,"k":[{"i":{"x":0.27,"y":1},"o":{"x":0.73,"y":0},"t":0,"s":[120.337,83.473,0],"to":[0,-2,0],"ti":[0,0,0]},{"i":{"x":0.27,"y":1},"o":{"x":0.73,"y":0},"t":59.5,"s":[120.337,71.473,0],"to":[0,0,0],"ti":[0,-2,0]},{"t":119,"s":[120.337,83.473,0]}],"ix":2},"a":{"a":0,"k":[-13.747,95.49,0],"ix":1},"s":{"a":0,"k":[100,100,100],"ix":6}},"ao":0,"shapes":[{"ty":"gr","it":[{"ty":"gr","it":[{"ind":0,"ty":"sh","ix":1,"ks":{"a":0,"k":{"i":[[0,0],[48.678,-28.289],[0,0],[48.997,28.288],[0,0],[-48.678,28.289],[0,0],[-48.997,-28.288]],"o":[[48.997,28.288],[0,0],[-48.678,28.289],[0,0],[-48.997,-28.289],[0,0],[48.678,-28.289],[0,0]],"v":[[303.668,31.058],[304.245,133.492],[75.747,266.28],[-101.094,266.281],[-331.087,133.495],[-331.664,31.061],[-103.166,-101.727],[73.675,-101.728]],"c":true},"ix":2},"nm":"Path 1","mn":"ADBE Vector Shape - Group","hd":false},{"ty":"fl","c":{"a":0,"k":[0.901960790157,0.952941179276,1,1],"ix":4},"o":{"a":0,"k":100,"ix":5},"r":1,"bm":0,"nm":"Fill 1","mn":"ADBE Vector Graphic - Fill","hd":false},{"ty":"tr","p":{"a":0,"k":[0,0],"ix":2},"a":{"a":0,"k":[0,0],"ix":1},"s":{"a":0,"k":[100,100],"ix":3},"r":{"a":0,"k":0,"ix":6},"o":{"a":0,"k":100,"ix":7},"sk":{"a":0,"k":0,"ix":4},"sa":{"a":0,"k":0,"ix":5},"nm":"Transform"}],"nm":"Group 1","np":2,"cix":2,"bm":0,"ix":1,"mn":"ADBE Vector Group","hd":false},{"ty":"tr","p":{"a":0,"k":[0,0],"ix":2},"a":{"a":0,"k":[0,0],"ix":1},"s":{"a":0,"k":[100,100],"ix":3},"r":{"a":0,"k":0,"ix":6},"o":{"a":0,"k":100,"ix":7},"sk":{"a":0,"k":0,"ix":4},"sa":{"a":0,"k":0,"ix":5},"nm":"Transform"}],"nm":"Group 1","np":1,"cix":2,"bm":0,"ix":1,"mn":"ADBE Vector Group","hd":false},{"ty":"gr","it":[{"ind":0,"ty":"sh","ix":1,"ks":{"a":0,"k":{"i":[[24.183,-14.054],[0,0],[48.997,28.288],[0,0],[-0.053,18.655],[0,0],[-24.656,-14.235],[0,0],[-48.678,28.289],[0,0],[-0.052,18.417],[0,0]],"o":[[0,0],[-48.679,28.289],[0,0],[-24.656,-14.236],[0,0],[-0.053,18.655],[0,0],[48.997,28.288],[0,0],[24.183,-14.054],[0,0],[-0.052,18.417]],"v":[[304.245,133.491],[75.747,266.28],[-101.094,266.281],[-331.087,133.495],[-368.005,81.921],[-368.079,108.348],[-331.162,159.922],[-101.17,292.708],[75.672,292.707],[304.17,159.919],[340.51,109.059],[340.585,82.632]],"c":true},"ix":2},"nm":"Path 1","mn":"ADBE Vector Shape - Group","hd":false},{"ty":"fl","c":{"a":0,"k":[0.65098041296,0.815686285496,0.956862747669,1],"ix":4},"o":{"a":0,"k":100,"ix":5},"r":1,"bm":0,"nm":"Fill 1","mn":"ADBE Vector Graphic - Fill","hd":false},{"ty":"tr","p":{"a":0,"k":[0,0],"ix":2},"a":{"a":0,"k":[0,0],"ix":1},"s":{"a":0,"k":[100,100],"ix":3},"r":{"a":0,"k":0,"ix":6},"o":{"a":0,"k":100,"ix":7},"sk":{"a":0,"k":0,"ix":4},"sa":{"a":0,"k":0,"ix":5},"nm":"Transform"}],"nm":"Group 2","np":2,"cix":2,"bm":0,"ix":2,"mn":"ADBE Vector Group","hd":false}],"ip":0,"op":127,"st":0,"bm":0},{"ddd":0,"ind":17,"ty":4,"nm":"Layer 1","parent":5,"sr":1,"ks":{"o":{"a":0,"k":100,"ix":11},"r":{"a":0,"k":0,"ix":10},"p":{"a":0,"k":[120.374,193.763,0],"ix":2},"a":{"a":0,"k":[-13.71,205.779,0],"ix":1},"s":{"a":0,"k":[100,100,100],"ix":6}},"ao":0,"shapes":[{"ty":"gr","it":[{"ind":0,"ty":"sh","ix":1,"ks":{"a":0,"k":{"i":[[0,0],[48.678,-28.289],[0,0],[48.997,28.289],[0,0],[-48.678,28.289],[0,0],[-48.997,-28.289]],"o":[[48.997,28.288],[0,0],[-48.678,28.289],[0,0],[-48.997,-28.288],[0,0],[48.678,-28.289],[0,0]],"v":[[303.668,154.561],[304.245,256.995],[75.747,389.783],[-101.094,389.784],[-331.087,256.998],[-331.664,154.564],[-103.166,21.776],[73.675,21.775]],"c":true},"ix":2},"nm":"Path 1","mn":"ADBE Vector Shape - Group","hd":false},{"ty":"fl","c":{"a":0,"k":[0.474509805441,0.68235296011,0.960784316063,1],"ix":4},"o":{"a":0,"k":100,"ix":5},"r":1,"bm":0,"nm":"Fill 1","mn":"ADBE Vector Graphic - Fill","hd":false},{"ty":"tr","p":{"a":0,"k":[0,0],"ix":2},"a":{"a":0,"k":[0,0],"ix":1},"s":{"a":0,"k":[100,100],"ix":3},"r":{"a":0,"k":0,"ix":6},"o":{"a":0,"k":100,"ix":7},"sk":{"a":0,"k":0,"ix":4},"sa":{"a":0,"k":0,"ix":5},"nm":"Transform"}],"nm":"Group 1","np":2,"cix":2,"bm":0,"ix":1,"mn":"ADBE Vector Group","hd":false}],"ip":0,"op":127,"st":0,"bm":0}],"markers":[]}